location,12/31/2019,1/1/2020,1/2/2020,1/3/2020,1/4/2020,1/5/2020,1/6/2020,1/7/2020,1/8/2020,1/9/2020,1/10/2020,1/11/2020,1/12/2020,1/13/2020,1/14/2020,1/15/2020,1/16/2020,1/17/2020,1/18/2020,1/19/2020,1/20/2020,1/21/2020,1/22/2020,1/23/2020,1/24/2020,1/25/2020,1/26/2020,1/27/2020,1/28/2020,1/29/2020,1/30/2020,1/31/2020,2/1/2020,2/2/2020,2/3/2020,2/4/2020,2/5/2020,2/6/2020,2/7/2020,2/8/2020,2/9/2020,2/10/2020,2/11/2020,2/12/2020,2/13/2020,2/14/2020,2/15/2020,2/16/2020,2/17/2020,2/18/2020,2/19/2020,2/20/2020,2/21/2020,2/22/2020,2/23/2020,2/24/2020,2/25/2020,2/26/2020,2/27/2020,2/28/2020,2/29/2020,3/1/2020,3/2/2020,3/3/2020,3/4/2020,3/5/2020,3/6/2020,3/7/2020,3/8/2020,3/9/2020,3/10/2020,3/11/2020,3/12/2020,3/13/2020,3/14/2020,3/15/2020,3/16/2020,3/17/2020,3/18/2020,3/19/2020,3/20/2020,3/21/2020,3/22/2020,3/23/2020,3/24/2020,3/25/2020,3/26/2020,3/27/2020,3/28/2020,3/29/2020,3/30/2020,3/31/2020,4/1/2020,4/2/2020,4/3/2020,4/4/2020,4/5/2020,4/6/2020,4/7/2020,4/8/2020,4/9/2020,4/10/2020,4/11/2020,4/12/2020,4/13/2020,4/14/2020,4/15/2020,4/16/2020,4/17/2020,4/18/2020,4/19/2020,4/20/2020,4/21/2020,4/22/2020,4/23/2020,4/24/2020,4/25/2020,4/26/2020,4/27/2020,4/28/2020,4/29/2020,4/30/2020,5/1/2020,5/2/2020,5/3/2020,5/4/2020,5/5/2020,5/6/2020,5/7/2020,5/8/2020,5/9/2020,5/10/2020,5/11/2020,5/12/2020,5/13/2020,5/14/2020,5/15/2020,5/16/2020,5/17/2020,5/18/2020,5/19/2020,5/20/2020,5/21/2020,5/22/2020
Afghanistan,0,0,0,0,0,0,0,0,0,0,0,0,0,0,0,0,0,0,0,0,0,0,0,0,0,0,0,0,0,0,0,0,0,0,0,0,0,0,0,0,0,0,0,0,0,0,0,0,0,0,0,0,0,0,0,0,1,1,1,1,1,1,1,0,0,0,0,0,4,0,0,7,0,0,0,10,16,21,22,22,22,24,24,34,40,42,75,75,91,106,114,141,166,192,235,235,270,299,337,367,423,484,521,555,607,665,714,784,794,845,908,996,1031,1092,1176,1281,1351,1463,1531,1703,1827,1949,2171,2335,2469,2704,2894,3224,3392,3563,3778,4033,4402,4687,4967,5226,5339,6402,6402,6664,7072,7653,8145,8676
Africa,0,0,0,0,0,0,0,0,0,0,0,0,0,0,0,0,0,0,0,0,0,0,0,0,0,0,0,0,0,0,0,0,0,0,0,0,0,0,0,0,0,0,0,0,0,0,1,1,1,1,1,1,1,1,1,1,1,2,2,3,3,5,6,9,11,20,29,43,44,83,95,105,118,159,202,239,324,402,494,633,744,975,1176,1389,1738,2203,2690,3278,3804,4124,4629,5137,5626,6248,6883,7508,8440,9175,9802,10524,11446,12280,12952,13666,14522,15291,16281,17243,18329,19897,21057,22303,23267,24617,25686,27221,29075,30316,31748,33162,34932,36735,38850,40757,42776,44435,47122,49208,51677,54106,57836,60637,63391,66510,69504,72533,75679,78432,81435,84816,88085,91365,95104,99959
Albania,0,0,0,0,0,0,0,0,0,0,0,0,0,0,0,0,0,0,0,0,0,0,0,0,0,0,0,0,0,0,0,0,0,0,0,0,0,0,0,0,0,0,0,0,0,0,0,0,0,0,0,0,0,0,0,0,0,0,0,0,0,0,0,0,0,0,0,0,0,2,6,10,11,23,33,38,42,51,55,59,70,70,76,89,100,123,146,174,186,197,212,223,243,259,277,304,333,361,377,383,400,409,416,433,446,467,475,494,518,539,548,562,584,609,634,663,678,712,726,736,750,766,773,782,789,795,803,820,832,842,850,856,868,872,876,880,898,916,933,946,948,949,964,969
Algeria,0,0,0,0,0,0,0,0,0,0,0,0,0,0,0,0,0,0,0,0,0,0,0,0,0,0,0,0,0,0,0,0,0,0,0,0,0,0,0,0,0,0,0,0,0,0,0,0,0,0,0,0,0,0,0,0,0,1,1,1,1,3,3,0,5,12,17,0,0,20,0,0,20,25,26,37,48,58,60,72,90,102,139,201,230,264,302,367,409,454,511,584,716,847,986,1171,1251,1320,1423,1468,1572,1666,1761,1825,1914,1983,2070,2160,2268,2418,2535,2629,2718,2811,2910,3007,3127,3256,3382,3517,3649,3848,4006,4154,4295,4474,4648,4838,4997,5182,5369,5558,5723,5891,6067,6253,6442,6629,6821,7019,7201,7377,7542,7728
Andorra,0,0,0,0,0,0,0,0,0,0,0,0,0,0,0,0,0,0,0,0,0,0,0,0,0,0,0,0,0,0,0,0,0,0,0,0,0,0,0,0,0,0,0,0,0,0,0,0,0,0,0,0,0,0,0,0,0,0,0,0,0,0,0,1,0,0,0,0,0,0,0,0,0,0,2,0,5,14,14,53,75,75,88,113,133,164,188,224,267,308,334,370,376,390,428,439,466,501,526,545,564,583,601,622,638,646,659,673,682,696,704,713,717,717,723,724,731,733,740,743,743,743,745,746,747,748,750,751,751,752,752,754,755,756,758,760,761,761,761,761,761,761,762,762
Angola,0,0,0,0,0,0,0,0,0,0,0,0,0,0,0,0,0,0,0,0,0,0,0,0,0,0,0,0,0,0,0,0,0,0,0,0,0,0,0,0,0,0,0,0,0,0,0,0,0,0,0,0,0,0,0,0,0,0,0,0,0,0,0,0,0,0,0,0,0,0,0,0,0,0,0,0,0,0,0,0,0,0,2,2,2,2,2,3,4,4,7,7,7,8,8,8,10,14,16,17,19,19,19,19,19,19,19,19,19,19,24,24,24,24,24,25,25,25,26,27,27,27,27,29,35,35,35,36,36,36,43,43,45,45,45,45,48,48,48,48,48,50,52,58
Anguilla,0,0,0,0,0,0,0,0,0,0,0,0,0,0,0,0,0,0,0,0,0,0,0,0,0,0,0,0,0,0,0,0,0,0,0,0,0,0,0,0,0,0,0,0,0,0,0,0,0,0,0,0,0,0,0,0,0,0,0,0,0,0,0,0,0,0,0,0,0,0,0,0,0,0,0,0,0,0,0,0,0,0,0,0,0,0,0,2,2,2,2,2,2,2,3,3,3,3,3,3,3,3,3,3,3,3,3,3,3,3,3,3,3,3,3,3,3,3,3,3,3,3,3,3,3,3,3,3,3,3,3,3,3,3,3,3,3,3,3,3,3,3,3,3
Antigua&Barbuda,0,0,0,0,0,0,0,0,0,0,0,0,0,0,0,0,0,0,0,0,0,0,0,0,0,0,0,0,0,0,0,0,0,0,0,0,0,0,0,0,0,0,0,0,0,0,0,0,0,0,0,0,0,0,0,0,0,0,0,0,0,0,0,0,0,0,0,0,0,0,0,0,0,0,0,1,0,0,0,0,0,1,1,1,1,3,3,7,7,7,7,7,7,7,9,15,15,15,15,15,15,19,21,21,21,23,23,23,23,23,23,23,23,24,24,24,24,24,24,24,24,24,24,25,25,25,25,25,25,25,25,25,25,25,25,25,25,25,25,25,25,25,25,25
Argentina,0,0,0,0,0,0,0,0,0,0,0,0,0,0,0,0,0,0,0,0,0,0,0,0,0,0,0,0,0,0,0,0,0,0,0,0,0,0,0,0,0,0,0,0,0,0,0,0,0,0,0,0,0,0,0,0,0,0,0,0,0,0,0,0,1,0,2,8,9,12,0,19,0,31,34,45,56,65,79,97,128,158,225,266,301,387,502,589,690,745,820,966,966,1133,1133,1265,1451,1554,1628,1715,1795,1894,1975,2137,2203,2272,2432,2432,2560,2658,2828,2930,3020,3132,3276,3423,3423,3767,3767,3990,4114,4272,4415,4519,4668,4770,4874,5007,5195,5358,5598,5763,5776,6021,6550,6866,7121,7466,7792,7792,8358,8796,9270,9918
Armenia,0,0,0,0,0,0,0,0,0,0,0,0,0,0,0,0,0,0,0,0,0,0,0,0,0,0,0,0,0,0,0,0,0,0,0,0,0,0,0,0,0,0,0,0,0,0,0,0,0,0,0,0,0,0,0,0,0,0,0,0,0,1,1,0,0,0,0,0,0,0,0,0,4,6,13,20,30,52,78,115,122,136,160,190,194,265,290,329,372,424,424,482,532,571,663,736,770,822,833,853,881,921,937,967,1013,1039,1111,1159,1201,1248,1291,1339,1401,1473,1523,1596,1677,1746,1808,1867,1932,1932,2066,2148,2273,2386,2507,2619,2782,2884,3029,3175,3313,3392,3538,3718,3860,4044,4283,4472,4823,5041,5271,5606
Aruba,0,0,0,0,0,0,0,0,0,0,0,0,0,0,0,0,0,0,0,0,0,0,0,0,0,0,0,0,0,0,0,0,0,0,0,0,0,0,0,0,0,0,0,0,0,0,0,0,0,0,0,0,0,0,0,0,0,0,0,0,0,0,0,0,0,0,0,0,0,0,0,0,0,2,0,0,0,0,0,0,4,0,0,0,12,17,19,28,28,28,50,0,55,55,60,62,64,64,71,74,77,82,86,92,92,92,92,93,95,96,96,97,97,97,100,100,100,100,100,100,100,100,100,100,100,100,100,100,101,101,101,101,101,101,101,101,101,101,101,101,101,101,101,101
Australia,0,0,0,0,0,0,0,0,0,0,0,0,0,0,0,0,0,0,0,0,0,0,0,0,0,1,4,4,4,4,6,7,9,11,11,11,12,13,14,14,14,14,14,14,14,15,15,15,15,15,15,15,17,21,22,22,22,22,23,23,25,26,29,33,41,52,59,63,74,80,100,112,126,156,197,249,298,375,454,565,709,874,1098,1709,1823,2423,2799,3166,3378,3809,4093,4557,4707,4976,5224,5548,5687,5744,5844,5956,6052,6152,6238,6289,6322,6366,6416,6458,6497,6533,6586,6612,6625,6647,6654,6667,6687,6703,6713,6725,6738,6746,6762,6767,6783,6801,6825,6849,6875,6896,6914,6929,6941,6948,6964,6975,6989,7019,7036,7045,7060,7068,7079,7081
Austria,0,0,0,0,0,0,0,0,0,0,0,0,0,0,0,0,0,0,0,0,0,0,0,0,0,0,0,0,0,0,0,0,0,0,0,0,0,0,0,0,0,0,0,0,0,0,0,0,0,0,0,0,0,0,0,0,0,2,2,5,7,10,14,18,24,29,41,74,99,102,131,182,246,361,504,655,860,1016,1332,1646,2196,2649,3024,3631,4486,5282,5888,7029,7697,8291,8813,9618,10182,10711,11129,11525,11766,11983,12297,12640,12969,13248,13560,13807,13937,14043,14234,14370,14448,14603,14662,14710,14783,14833,14924,14985,15068,15134,15189,15256,15314,15364,15424,15458,15470,15538,15569,15586,15651,15673,15735,15777,15787,15874,15910,15964,16005,16068,16140,16154,16179,16257,16275,16332
Azerbaijan,0,0,0,0,0,0,0,0,0,0,0,0,0,0,0,0,0,0,0,0,0,0,0,0,0,0,0,0,0,0,0,0,0,0,0,0,0,0,0,0,0,0,0,0,0,0,0,0,0,0,0,0,0,0,0,0,0,0,0,0,1,1,3,0,0,0,6,9,0,0,0,11,13,13,0,19,19,19,28,34,44,44,53,65,72,87,93,122,165,182,209,273,298,359,400,443,521,584,641,717,822,926,991,1058,1098,1148,1197,1253,1283,1340,1373,1398,1436,1480,1518,1548,1592,1617,1645,1678,1717,1766,1804,1854,1894,1932,1984,2060,2127,2204,2279,2422,2519,2589,2693,2758,2879,2980,3138,3274,3287,3518,3631,3749
Bahamas,0,0,0,0,0,0,0,0,0,0,0,0,0,0,0,0,0,0,0,0,0,0,0,0,0,0,0,0,0,0,0,0,0,0,0,0,0,0,0,0,0,0,0,0,0,0,0,0,0,0,0,0,0,0,0,0,0,0,0,0,0,0,0,0,0,0,0,0,0,0,0,0,0,0,0,0,1,1,0,0,3,4,4,4,4,4,5,9,9,11,14,14,15,21,24,24,28,29,33,36,40,41,42,46,47,49,49,53,54,55,58,60,64,65,70,72,73,78,80,80,80,80,81,82,83,83,83,89,92,92,92,92,92,93,93,94,96,96,96,96,96,96,97,97
Bahrain,0,0,0,0,0,0,0,0,0,0,0,0,0,0,0,0,0,0,0,0,0,0,0,0,0,0,0,0,0,0,0,0,0,0,0,0,0,0,0,0,0,0,0,0,0,0,0,0,0,0,0,0,0,0,0,1,2,23,33,33,38,41,47,0,49,52,52,56,63,79,109,110,162,162,210,211,214,221,237,256,269,285,306,334,339,390,419,458,466,473,500,515,567,569,643,643,688,700,756,811,823,887,998,1040,1136,1361,1528,1673,1700,1744,1773,1873,1907,1973,2007,2217,2518,2589,2647,2723,2811,2921,3040,3170,3284,3383,3533,3720,3934,4199,4444,4774,4941,5236,5531,5816,6198,6583,6747,6956,7184,7532,7888,8174
Bangladesh,0,0,0,0,0,0,0,0,0,0,0,0,0,0,0,0,0,0,0,0,0,0,0,0,0,0,0,0,0,0,0,0,0,0,0,0,0,0,0,0,0,0,0,0,0,0,0,0,0,0,0,0,0,0,0,0,0,0,0,0,0,0,0,0,0,0,0,0,0,3,0,0,0,0,0,3,0,5,8,10,10,17,24,27,33,39,39,48,48,48,49,49,51,54,56,61,70,88,123,164,218,330,424,482,621,803,1012,1231,1572,1838,2144,2456,2948,3382,3772,4186,4689,4998,5416,5913,6462,7103,7667,8238,8790,9455,10143,10929,11719,12425,13134,13770,14657,15691,16660,17822,18863,20065,20995,22268,23870,25121,26738,28511
Barbados,0,0,0,0,0,0,0,0,0,0,0,0,0,0,0,0,0,0,0,0,0,0,0,0,0,0,0,0,0,0,0,0,0,0,0,0,0,0,0,0,0,0,0,0,0,0,0,0,0,0,0,0,0,0,0,0,0,0,0,0,0,0,0,0,0,0,0,0,0,0,0,0,0,0,0,0,0,0,1,1,2,6,14,17,17,18,18,24,24,26,33,34,34,45,45,45,51,56,60,63,63,66,67,68,71,72,73,75,75,75,75,75,75,75,76,76,76,79,79,80,80,80,81,81,81,82,82,82,82,82,83,84,84,84,85,85,85,85,86,88,88,90,90,90
Belarus,0,0,0,0,0,0,0,0,0,0,0,0,0,0,0,0,0,0,0,0,0,0,0,0,0,0,0,0,0,0,0,0,0,0,0,0,0,0,0,0,0,0,0,0,0,0,0,0,0,0,0,0,0,0,0,0,0,0,0,1,1,1,1,0,4,6,0,0,0,0,0,9,12,21,0,0,27,36,36,46,57,57,76,76,81,81,86,86,94,94,94,105,152,152,254,351,394,564,700,861,1066,1486,1981,2226,2578,2919,3281,3728,4204,4779,4779,4779,6264,6723,7281,8022,8773,9590,10463,11289,12208,13181,14027,14917,15828,16705,17489,18350,19255,20168,21101,22052,22973,23906,24873,25825,26772,27730,28681,29650,30572,31508,32426,33371
Belgium,0,0,0,0,0,0,0,0,0,0,0,0,0,0,0,0,0,0,0,0,0,0,0,0,0,0,0,0,0,0,0,0,0,0,0,1,1,1,1,1,1,1,1,1,1,1,1,1,1,1,1,1,1,1,1,1,1,1,1,1,1,1,2,8,13,23,50,109,169,200,239,267,314,399,559,689,886,1085,1243,1486,1795,2257,2815,3401,3743,4269,4937,6235,7284,9134,10836,11899,12775,13964,15348,16770,18431,19691,20814,22194,23403,24983,26667,28018,29647,30589,31119,33573,34809,36138,37183,38496,39983,40956,41889,42797,44293,45325,46134,46687,47334,47859,48519,49032,49517,49906,50267,50509,50781,51420,52011,52596,53081,53449,53779,53981,54288,54644,54989,55280,55559,55791,55983,56235
Belize,0,0,0,0,0,0,0,0,0,0,0,0,0,0,0,0,0,0,0,0,0,0,0,0,0,0,0,0,0,0,0,0,0,0,0,0,0,0,0,0,0,0,0,0,0,0,0,0,0,0,0,0,0,0,0,0,0,0,0,0,0,0,0,0,0,0,0,0,0,0,0,0,0,0,0,0,0,0,0,0,0,0,0,0,1,1,2,2,2,2,2,3,3,3,3,4,4,5,7,7,8,9,10,13,14,18,18,18,18,18,18,18,18,18,18,18,18,18,18,18,18,18,18,18,18,18,18,18,18,18,18,18,18,18,18,18,18,18,18,18,18,18,18,18
Benin,0,0,0,0,0,0,0,0,0,0,0,0,0,0,0,0,0,0,0,0,0,0,0,0,0,0,0,0,0,0,0,0,0,0,0,0,0,0,0,0,0,0,0,0,0,0,0,0,0,0,0,0,0,0,0,0,0,0,0,0,0,0,0,0,0,0,0,0,0,0,0,0,0,0,0,0,0,1,1,1,2,2,2,2,5,5,5,6,6,6,6,6,8,13,13,16,16,22,26,26,26,30,35,35,35,35,35,35,37,37,37,37,54,54,54,58,58,58,64,64,64,69,84,90,90,90,96,96,102,140,242,284,319,319,327,327,339,339,339,339,339,130,130,135
Bermuda,0,0,0,0,0,0,0,0,0,0,0,0,0,0,0,0,0,0,0,0,0,0,0,0,0,0,0,0,0,0,0,0,0,0,0,0,0,0,0,0,0,0,0,0,0,0,0,0,0,0,0,0,0,0,0,0,0,0,0,0,0,0,0,0,0,0,0,0,0,0,0,0,0,0,0,0,0,0,0,0,2,2,2,6,6,6,6,15,17,22,22,27,32,32,35,35,37,37,39,39,39,48,48,50,57,57,57,81,83,83,86,86,86,98,99,99,99,99,109,110,110,111,114,114,114,115,115,115,118,118,118,118,118,119,121,121,122,123,123,123,125,125,125,125
Bhutan,0,0,0,0,0,0,0,0,0,0,0,0,0,0,0,0,0,0,0,0,0,0,0,0,0,0,0,0,0,0,0,0,0,0,0,0,0,0,0,0,0,0,0,0,0,0,0,0,0,0,0,0,0,0,0,0,0,0,0,0,0,0,0,0,0,0,1,0,0,0,0,0,0,1,0,1,0,1,1,1,1,2,2,2,2,2,3,3,3,4,4,4,4,5,5,5,5,5,5,5,5,5,5,5,5,5,5,5,5,5,5,5,6,6,7,7,7,7,7,7,7,7,7,7,7,7,7,7,7,7,7,7,9,11,11,15,20,21,21,21,21,21,21,21
Bolivia,0,0,0,0,0,0,0,0,0,0,0,0,0,0,0,0,0,0,0,0,0,0,0,0,0,0,0,0,0,0,0,0,0,0,0,0,0,0,0,0,0,0,0,0,0,0,0,0,0,0,0,0,0,0,0,0,0,0,0,0,0,0,0,0,0,0,0,0,0,0,0,0,2,3,10,10,0,11,12,12,15,19,20,27,28,32,39,61,74,81,96,107,115,123,132,139,157,183,194,210,264,268,276,300,330,354,397,441,465,493,520,564,598,609,672,703,807,866,950,1014,1053,1110,1167,1229,1470,1594,1681,1802,1886,2081,2266,2437,2556,2831,2964,3148,3372,3577,3826,4088,4263,4481,4919,5187
Eustatius and Saba,0,0,0,0,0,0,0,0,0,0,0,0,0,0,0,0,0,0,0,0,0,0,0,0,0,0,0,0,0,0,0,0,0,0,0,0,0,0,0,0,0,0,0,0,0,0,0,0,0,0,0,0,0,0,0,0,0,0,0,0,0,0,0,0,0,0,0,0,0,0,0,0,0,0,0,0,0,0,0,0,0,0,0,0,0,0,0,0,0,0,0,0,0,2,2,2,2,2,2,2,2,2,2,2,3,4,4,4,4,4,4,5,5,6,6,6,6,6,6,6,6,6,6,6,6,6,6,6,6,6,6,6,6,6,6,6,6,6,6,6,6,6,6,6
Bosnia and Herzegovina,0,0,0,0,0,0,0,0,0,0,0,0,0,0,0,0,0,0,0,0,0,0,0,0,0,0,0,0,0,0,0,0,0,0,0,0,0,0,0,0,0,0,0,0,0,0,0,0,0,0,0,0,0,0,0,0,0,0,0,0,0,0,0,0,0,0,2,0,0,0,0,0,3,3,0,0,18,21,21,36,44,44,92,125,129,162,181,181,229,257,323,353,413,464,532,586,632,663,695,781,816,875,901,948,1007,1028,1073,1100,1152,1210,1254,1269,1300,1340,1367,1413,1420,1485,1516,1564,1588,1588,1689,1781,1839,1857,1926,1946,1987,2027,2070,2070,2090,2142,2158,2181,2216,2237,2267,2289,2303,2319,2334,2352
Botswana,0,0,0,0,0,0,0,0,0,0,0,0,0,0,0,0,0,0,0,0,0,0,0,0,0,0,0,0,0,0,0,0,0,0,0,0,0,0,0,0,0,0,0,0,0,0,0,0,0,0,0,0,0,0,0,0,0,0,0,0,0,0,0,0,0,0,0,0,0,0,0,0,0,0,0,0,0,0,0,0,0,0,0,0,0,0,0,0,0,0,0,0,3,4,4,4,4,6,6,6,7,13,13,13,13,13,13,13,15,15,15,20,20,20,22,22,22,22,22,22,23,23,23,23,23,23,23,23,23,23,23,23,23,24,24,24,24,24,24,25,25,25,29,29
Brazil,0,0,0,0,0,0,0,0,0,0,0,0,0,0,0,0,0,0,0,0,0,0,0,0,0,0,0,0,0,0,0,0,0,0,0,0,0,0,0,0,0,0,0,0,0,0,0,0,0,0,0,0,0,0,0,0,0,1,1,1,1,2,2,2,2,3,8,13,13,25,25,34,52,77,98,121,200,234,291,428,621,904,1128,1546,1891,2201,2433,2915,3417,3904,4256,4579,5717,6836,7910,9056,10278,11130,12056,13717,15927,17857,19638,20727,22169,23430,25262,28320,30425,33682,36599,38654,40581,43079,45757,49492,52995,58509,61888,66501,71886,78162,85380,91589,96559,101147,107780,114715,125218,135106,145328,155939,162699,168331,177589,188974,202918,218223,233142,241080,254220,271628,291579,310087
British V Islands,0,0,0,0,0,0,0,0,0,0,0,0,0,0,0,0,0,0,0,0,0,0,0,0,0,0,0,0,0,0,0,0,0,0,0,0,0,0,0,0,0,0,0,0,0,0,0,0,0,0,0,0,0,0,0,0,0,0,0,0,0,0,0,0,0,0,0,0,0,0,0,0,0,0,0,0,0,0,0,0,0,0,0,0,0,0,0,2,2,2,2,3,3,3,3,3,3,3,3,3,3,3,3,3,3,3,3,3,3,3,3,4,5,5,5,5,6,6,6,6,6,6,6,6,6,6,7,7,7,7,7,7,7,7,7,7,8,8,8,8,8,8,8,8
Brunei,0,0,0,0,0,0,0,0,0,0,0,0,0,0,0,0,0,0,0,0,0,0,0,0,0,0,0,0,0,0,0,0,0,0,0,0,0,0,0,0,0,0,0,0,0,0,0,0,0,0,0,0,0,0,0,0,0,0,0,0,0,0,0,0,0,0,0,0,0,0,1,0,11,25,37,40,50,54,56,68,73,78,83,88,91,104,107,114,115,120,126,127,129,131,133,133,135,135,135,135,135,135,136,136,136,136,136,136,136,136,137,138,138,138,138,138,138,138,138,138,138,138,138,138,138,138,138,138,139,141,141,141,141,141,141,141,141,141,141,141,141,141,141,141
Bulgaria,0,0,0,0,0,0,0,0,0,0,0,0,0,0,0,0,0,0,0,0,0,0,0,0,0,0,0,0,0,0,0,0,0,0,0,0,0,0,0,0,0,0,0,0,0,0,0,0,0,0,0,0,0,0,0,0,0,0,0,0,0,0,0,0,0,0,0,0,2,4,0,0,7,23,31,41,51,62,81,92,105,127,163,185,201,220,242,264,293,331,346,359,399,422,457,485,503,531,549,577,593,624,635,661,675,685,713,747,800,846,878,915,929,975,1024,1097,1188,1247,1300,1363,1399,1447,1506,1588,1594,1618,1652,1689,1778,1829,1911,1955,1965,1990,2023,2069,2100,2138,2211,2235,2259,2292,2331,2372
Burkina Faso,0,0,0,0,0,0,0,0,0,0,0,0,0,0,0,0,0,0,0,0,0,0,0,0,0,0,0,0,0,0,0,0,0,0,0,0,0,0,0,0,0,0,0,0,0,0,0,0,0,0,0,0,0,0,0,0,0,0,0,0,0,0,0,0,0,0,0,0,0,0,0,2,2,0,0,3,3,20,20,26,33,40,64,64,75,99,114,146,146,180,180,222,246,261,288,288,302,345,364,384,414,443,448,484,497,515,528,542,543,557,565,576,581,600,609,616,626,629,632,635,638,641,645,649,652,662,672,688,729,736,744,748,751,760,766,773,773,782,782,796,796,806,809,812
Burundi,0,0,0,0,0,0,0,0,0,0,0,0,0,0,0,0,0,0,0,0,0,0,0,0,0,0,0,0,0,0,0,0,0,0,0,0,0,0,0,0,0,0,0,0,0,0,0,0,0,0,0,0,0,0,0,0,0,0,0,0,0,0,0,0,0,0,0,0,0,0,0,0,0,0,0,0,0,0,0,0,0,0,0,0,0,0,0,0,0,0,0,0,2,2,3,3,3,3,3,3,3,3,3,5,5,5,5,5,5,6,6,6,6,6,11,11,12,15,15,15,15,15,15,15,19,19,19,19,19,19,19,19,19,19,27,27,27,27,27,42,42,42,42,42
Cambodia,0,0,0,0,0,0,0,0,0,0,0,0,0,0,0,0,0,0,0,0,0,0,0,0,0,0,0,0,1,1,1,1,1,1,1,1,1,1,1,1,1,1,1,1,1,1,1,1,1,1,1,1,1,1,1,1,1,1,1,1,1,1,1,0,0,0,0,0,2,0,0,0,3,5,0,7,12,24,24,24,24,47,51,86,87,91,96,98,102,103,107,109,109,110,114,114,114,114,115,117,118,119,120,122,122,122,122,122,122,122,122,122,122,122,122,122,122,122,122,122,122,122,122,122,122,122,122,122,122,122,122,122,122,122,122,122,122,122,122,122,122,122,122,123
Cameroon,0,0,0,0,0,0,0,0,0,0,0,0,0,0,0,0,0,0,0,0,0,0,0,0,0,0,0,0,0,0,0,0,0,0,0,0,0,0,0,0,0,0,0,0,0,0,0,0,0,0,0,0,0,0,0,0,0,0,0,0,0,0,0,0,0,0,0,1,0,2,0,0,0,0,0,3,4,4,10,10,14,27,27,27,56,72,72,88,88,99,99,142,193,233,271,509,555,650,658,685,730,730,803,820,820,820,855,855,855,1016,1016,1016,1017,1163,1163,1401,1403,1518,1621,1621,1806,1832,1832,2069,2077,2077,2104,2104,2265,2265,2265,2274,2579,2689,2689,2800,2954,3105,3292,3292,3292,3529,3733,4288
Canada,0,0,0,0,0,0,0,0,0,0,0,0,0,0,0,0,0,0,0,0,0,0,0,0,0,0,1,1,2,3,3,3,4,4,4,4,5,5,7,7,7,7,7,7,7,7,8,8,8,8,8,8,9,9,9,9,11,11,12,14,16,20,24,27,30,33,45,51,57,62,77,93,103,138,176,244,304,424,569,690,846,971,1302,1430,1646,1959,3385,4018,4675,5386,6255,7424,8536,9595,11268,12519,13882,15496,16653,17883,19274,20748,22133,23301,24365,25663,27046,28364,30081,31872,33341,34777,36823,38413,40179,42099,43877,45341,46884,48489,50015,51587,53236,55061,56714,59474,60772,62046,63496,64922,66434,67702,68848,69981,71157,72278,73401,74602,75853,76991,78061,79101,80091,81313
Cape Verde,0,0,0,0,0,0,0,0,0,0,0,0,0,0,0,0,0,0,0,0,0,0,0,0,0,0,0,0,0,0,0,0,0,0,0,0,0,0,0,0,0,0,0,0,0,0,0,0,0,0,0,0,0,0,0,0,0,0,0,0,0,0,0,0,0,0,0,0,0,0,0,0,0,0,0,0,0,0,0,0,0,2,3,3,3,3,4,5,5,5,5,5,6,6,6,6,7,7,7,7,7,7,7,8,10,10,11,55,55,56,58,61,67,67,73,82,88,90,106,109,113,113,121,123,152,165,175,186,191,218,230,236,246,260,270,289,315,326,328,328,328,335,349,356
Cayman Islands,0,0,0,0,0,0,0,0,0,0,0,0,0,0,0,0,0,0,0,0,0,0,0,0,0,0,0,0,0,0,0,0,0,0,0,0,0,0,0,0,0,0,0,0,0,0,0,0,0,0,0,0,0,0,0,0,0,0,0,0,0,0,0,0,0,0,0,0,0,0,0,0,0,0,0,0,0,0,0,0,1,3,3,3,3,3,3,6,8,8,8,12,14,22,28,29,35,39,39,45,45,45,45,53,53,53,54,60,61,61,61,61,66,66,66,66,66,70,70,70,70,73,73,74,74,74,75,75,78,78,81,81,81,84,85,85,93,93,94,94,94,111,111,111
Chad,0,0,0,0,0,0,0,0,0,0,0,0,0,0,0,0,0,0,0,0,0,0,0,0,0,0,0,0,0,0,0,0,0,0,0,0,0,0,0,0,0,0,0,0,0,0,0,0,0,0,0,0,0,0,0,0,0,0,0,0,0,0,0,0,0,0,0,0,0,0,0,0,0,0,0,0,0,0,0,0,1,1,2,2,2,3,3,5,5,5,5,7,7,7,7,7,8,9,9,9,10,11,11,11,15,23,23,27,27,33,33,33,33,34,34,40,40,40,46,46,52,52,73,73,117,117,117,170,170,253,260,322,322,322,357,372,399,428,474,503,519,545,565,588
Chile,0,0,0,0,0,0,0,0,0,0,0,0,0,0,0,0,0,0,0,0,0,0,0,0,0,0,0,0,0,0,0,0,0,0,0,0,0,0,0,0,0,0,0,0,0,0,0,0,0,0,0,0,0,0,0,0,0,0,0,0,0,0,0,0,1,3,4,5,0,10,13,17,23,33,43,61,75,156,201,238,342,434,537,632,746,922,1142,1306,1610,1909,2139,2449,2738,3031,3404,3737,4161,4471,4815,5116,5546,5972,6501,6927,7213,7525,7917,8273,8807,9252,9730,10088,10507,10832,11296,11812,12306,12858,13331,13813,14365,14885,16023,17008,18435,19663,20643,22016,23048,24581,25972,27219,28866,30063,31721,34381,37040,39542,41428,43781,46059,49579,53617,57581
China,27,27,27,44,44,59,59,59,59,59,59,59,59,59,59,59,59,63,80,216,235,386,526,623,882,1323,1988,2775,4528,5994,7734,9714,11809,14399,17211,20448,24320,28047,31207,34625,37232,40206,42696,44724,59865,64021,66559,68566,70618,72508,74258,74652,75543,76369,77016,77234,77749,78159,78598,78927,79355,79929,80134,80261,80380,80497,80667,80768,80814,80859,80879,80908,80932,80954,80973,80995,81020,81063,81086,81130,81229,81281,81346,81484,81553,81631,81733,81827,81946,82059,82157,82241,82295,82395,82465,82527,82575,82642,82698,82784,82870,82925,83004,83097,83209,83303,83352,83402,83754,83785,83803,83817,83849,83864,83876,83884,83899,83909,83912,83938,83940,83944,83956,83959,83961,83964,83966,83968,83970,83976,83976,83991,84010,84011,84018,84024,84029,84038,84044,84054,84063,84065,84067,84079
Colombia,0,0,0,0,0,0,0,0,0,0,0,0,0,0,0,0,0,0,0,0,0,0,0,0,0,0,0,0,0,0,0,0,0,0,0,0,0,0,0,0,0,0,0,0,0,0,0,0,0,0,0,0,0,0,0,0,0,0,0,0,0,0,0,0,0,0,0,1,0,0,3,0,9,0,16,34,45,57,65,102,128,158,210,235,306,378,470,491,539,608,702,798,906,1065,1161,1267,1406,1485,1579,1780,2054,2223,2473,2709,2776,2852,2979,3105,3233,3439,3621,3792,3977,4149,4356,4561,4881,5142,5379,5597,5949,6211,6507,7006,7285,7668,7973,8613,8959,9456,10051,10495,11063,11613,12272,12930,13610,14216,14939,15574,16295,16935,17687,18330
Comoros,0,0,0,0,0,0,0,0,0,0,0,0,0,0,0,0,0,0,0,0,0,0,0,0,0,0,0,0,0,0,0,0,0,0,0,0,0,0,0,0,0,0,0,0,0,0,0,0,0,0,0,0,0,0,0,0,0,0,0,0,0,0,0,0,0,0,0,0,0,0,0,0,0,0,0,0,0,0,0,0,0,0,0,0,0,0,0,0,0,0,0,0,0,0,0,0,0,0,0,0,0,0,0,0,0,0,0,0,0,0,0,0,0,0,0,0,0,0,0,0,0,0,0,1,1,3,4,4,8,8,8,11,11,11,11,11,11,11,11,11,11,34,34,34
Congo,0,0,0,0,0,0,0,0,0,0,0,0,0,0,0,0,0,0,0,0,0,0,0,0,0,0,0,0,0,0,0,0,0,0,0,0,0,0,0,0,0,0,0,0,0,0,0,0,0,0,0,0,0,0,0,0,0,0,0,0,0,0,0,0,0,0,0,0,0,0,0,0,0,0,0,0,1,1,1,3,3,3,4,4,4,4,4,4,4,19,19,19,22,22,41,41,45,45,45,45,60,60,60,60,70,70,74,117,117,143,143,160,160,165,186,186,200,200,200,207,207,220,220,229,229,229,236,236,264,274,287,287,287,333,333,341,391,391,412,412,412,420,420,469
Costa Rica,0,0,0,0,0,0,0,0,0,0,0,0,0,0,0,0,0,0,0,0,0,0,0,0,0,0,0,0,0,0,0,0,0,0,0,0,0,0,0,0,0,0,0,0,0,0,0,0,0,0,0,0,0,0,0,0,0,0,0,0,0,0,0,0,0,0,0,1,0,5,9,13,22,23,26,27,35,41,50,69,87,113,117,134,158,177,201,231,263,295,314,330,347,375,396,416,435,454,467,483,502,539,558,577,595,612,618,626,642,649,655,660,662,669,681,687,687,693,695,697,705,713,719,725,733,739,742,755,761,765,773,780,792,801,804,815,830,843,853,863,866,882,897,903
Cote d'Ivoire,0,0,0,0,0,0,0,0,0,0,0,0,0,0,0,0,0,0,0,0,0,0,0,0,0,0,0,0,0,0,0,0,0,0,0,0,0,0,0,0,0,0,0,0,0,0,0,0,0,0,0,0,0,0,0,0,0,0,0,0,0,0,0,0,0,0,0,0,0,0,0,0,1,0,0,4,4,5,5,6,9,14,17,25,25,73,80,96,101,140,165,168,168,190,194,218,245,261,323,349,384,444,480,533,574,626,626,654,688,742,801,847,879,916,952,1004,1077,1111,1150,1164,1183,1238,1275,1333,1362,1398,1432,1464,1516,1571,1602,1667,1700,1730,1857,1912,1971,2017,2061,2109,2119,2153,2231,2231
Croatia,0,0,0,0,0,0,0,0,0,0,0,0,0,0,0,0,0,0,0,0,0,0,0,0,0,0,0,0,0,0,0,0,0,0,0,0,0,0,0,0,0,0,0,0,0,0,0,0,0,0,0,0,0,0,0,0,0,1,2,3,5,5,7,8,9,0,10,11,12,0,0,13,16,25,31,37,48,56,69,81,104,126,206,235,306,382,418,495,586,657,713,790,867,963,1011,1079,1126,1182,1222,1282,1343,1407,1495,1534,1600,1650,1704,1741,1791,1814,1832,1871,1881,1908,1950,1981,2009,2016,2030,2039,2047,2062,2076,2085,2088,2096,2101,2112,2119,2125,2161,2176,2187,2196,2207,2213,2221,2222,2224,2226,2228,2232,2234,2237
Cuba,0,0,0,0,0,0,0,0,0,0,0,0,0,0,0,0,0,0,0,0,0,0,0,0,0,0,0,0,0,0,0,0,0,0,0,0,0,0,0,0,0,0,0,0,0,0,0,0,0,0,0,0,0,0,0,0,0,0,0,0,0,0,0,0,0,0,0,0,0,0,0,0,3,0,4,4,0,0,7,11,16,21,25,35,40,48,57,67,80,119,139,170,186,212,233,269,288,320,350,396,457,515,564,620,669,726,766,814,862,923,986,1035,1087,1137,1189,1235,1285,1337,1369,1389,1437,1467,1501,1537,1611,1649,1668,1685,1703,1729,1741,1754,1766,1783,1804,1810,1830,1840,1862,1872,1881,1887,1900,1908
Curacao,0,0,0,0,0,0,0,0,0,0,0,0,0,0,0,0,0,0,0,0,0,0,0,0,0,0,0,0,0,0,0,0,0,0,0,0,0,0,0,0,0,0,0,0,0,0,0,0,0,0,0,0,0,0,0,0,0,0,0,0,0,0,0,0,0,0,0,0,0,0,0,0,0,1,0,0,0,0,0,0,3,0,0,0,6,0,6,7,8,8,9,0,11,11,11,11,11,11,13,13,14,14,14,14,14,14,14,14,14,14,14,14,14,14,14,14,16,16,16,16,16,16,16,16,16,16,16,16,16,16,16,16,16,16,16,16,16,16,16,16,16,16,16,16
Cyprus,0,0,0,0,0,0,0,0,0,0,0,0,0,0,0,0,0,0,0,0,0,0,0,0,0,0,0,0,0,0,0,0,0,0,0,0,0,0,0,0,0,0,0,0,0,0,0,0,0,0,0,0,0,0,0,0,0,0,0,0,0,0,0,0,0,0,0,0,0,0,2,0,6,0,14,21,30,40,40,58,58,67,84,95,116,124,132,146,162,179,214,230,262,320,356,396,426,446,465,494,526,564,595,616,633,662,695,715,735,735,761,767,772,784,790,795,804,810,817,822,837,843,850,857,864,872,874,878,883,889,891,892,898,901,903,905,907,910,914,916,917,918,922,923
Czech Republic,0,0,0,0,0,0,0,0,0,0,0,0,0,0,0,0,0,0,0,0,0,0,0,0,0,0,0,0,0,0,0,0,0,0,0,0,0,0,0,0,0,0,0,0,0,0,0,0,0,0,0,0,0,0,0,0,0,0,0,0,0,0,3,5,5,8,12,19,26,32,40,63,94,116,150,214,298,344,434,522,694,904,995,1165,1236,1394,1654,2062,2279,2663,2829,3002,3308,3589,3858,4190,4472,4587,4822,5017,5312,5569,5732,5902,5991,6059,6141,6303,6433,6549,6654,6787,6914,7041,7136,7188,7273,7352,7404,7449,7504,7579,7682,7737,7755,7781,7819,7896,7974,8031,8077,8095,8123,8176,8221,8269,8351,8406,8455,8475,8586,8647,8721,8754
Democratic Republic of Congo,0,0,0,0,0,0,0,0,0,0,0,0,0,0,0,0,0,0,0,0,0,0,0,0,0,0,0,0,0,0,0,0,0,0,0,0,0,0,0,0,0,0,0,0,0,0,0,0,0,0,0,0,0,0,0,0,0,0,0,0,0,0,0,0,0,0,0,0,0,0,0,1,0,0,2,2,2,3,3,14,14,14,23,26,26,45,45,54,58,58,81,98,98,123,123,134,154,154,161,180,183,215,223,234,234,235,254,267,287,307,327,332,350,359,377,394,416,442,459,471,491,500,572,604,674,684,684,705,863,897,937,991,1024,1102,1169,1242,1298,1369,1454,1454,1629,1731,1835,1945
Denmark,0,0,0,0,0,0,0,0,0,0,0,0,0,0,0,0,0,0,0,0,0,0,0,0,0,0,0,0,0,0,0,0,0,0,0,0,0,0,0,0,0,0,0,0,0,0,0,0,0,0,0,0,0,0,0,0,0,0,1,1,2,3,4,5,8,10,20,23,31,38,113,264,516,676,804,827,875,932,1024,1115,1151,1255,1326,1395,1460,1591,1724,1877,2046,2201,2395,2577,2860,3107,3386,3757,4077,4369,4681,5071,5402,5635,5819,5996,6174,6318,6511,6681,6879,7073,7242,7384,7515,7695,7912,8073,8210,8445,8575,8698,8851,9008,9158,9311,9407,9523,9670,9821,9983,10083,10218,10319,10429,10513,10591,10667,10713,10791,10858,10927,10968,11044,11117,11182
Djibouti,0,0,0,0,0,0,0,0,0,0,0,0,0,0,0,0,0,0,0,0,0,0,0,0,0,0,0,0,0,0,0,0,0,0,0,0,0,0,0,0,0,0,0,0,0,0,0,0,0,0,0,0,0,0,0,0,0,0,0,0,0,0,0,0,0,0,0,0,0,0,0,0,0,0,0,0,0,0,0,1,1,1,1,1,3,3,12,12,13,15,19,26,31,34,41,41,51,59,90,121,135,140,150,187,214,298,363,435,591,732,732,846,846,945,974,986,999,1008,1023,1035,1072,1077,1089,1097,1112,1112,1116,1120,1120,1133,1135,1189,1210,1227,1256,1268,1284,1309,1331,1401,1518,1518,1828,2047
Dominica,0,0,0,0,0,0,0,0,0,0,0,0,0,0,0,0,0,0,0,0,0,0,0,0,0,0,0,0,0,0,0,0,0,0,0,0,0,0,0,0,0,0,0,0,0,0,0,0,0,0,0,0,0,0,0,0,0,0,0,0,0,0,0,0,0,0,0,0,0,0,0,0,0,0,0,0,0,0,0,0,0,0,0,1,1,2,7,11,11,11,11,11,11,12,12,14,14,14,15,15,15,16,16,16,16,16,16,16,16,16,16,16,16,16,16,16,16,16,16,16,16,16,16,16,16,16,16,16,16,16,16,16,16,16,16,16,16,16,16,16,16,16,16,16
Dominican Republic,0,0,0,0,0,0,0,0,0,0,0,0,0,0,0,0,0,0,0,0,0,0,0,0,0,0,0,0,0,0,0,0,0,0,0,0,0,0,0,0,0,0,0,0,0,0,0,0,0,0,0,0,0,0,0,0,0,0,0,0,0,0,1,0,0,0,0,2,0,0,5,0,0,0,11,11,11,11,11,21,21,34,112,202,245,312,392,488,581,719,859,901,1109,1284,1380,1488,1578,1745,1828,1956,2111,2349,2620,2759,2967,3167,3286,3614,3755,4126,4335,4680,4964,5044,5300,5543,5749,5926,6135,6135,6416,6652,6972,7288,7578,7954,8235,8480,8807,9095,9376,9882,10347,10634,10900,11196,11320,11739,11893,12314,12725,13223,13477,13657
Ecuador,0,0,0,0,0,0,0,0,0,0,0,0,0,0,0,0,0,0,0,0,0,0,0,0,0,0,0,0,0,0,0,0,0,0,0,0,0,0,0,0,0,0,0,0,0,0,0,0,0,0,0,0,0,0,0,0,0,0,0,0,0,1,6,7,0,10,13,0,0,14,15,17,0,0,23,28,37,58,111,168,199,426,532,789,981,1082,1211,1403,1627,1835,1890,1966,2302,2758,3163,3368,3465,3646,3747,3995,4450,4965,7161,7257,7466,7529,7603,7858,8225,8450,9022,9468,10128,10398,10850,11183,11183,11183,22719,23240,24258,24675,24934,26336,27464,29538,31881,31881,29420,30298,28818,29071,29559,29509,30419,30486,30502,31467,32763,33182,33582,34151,34854,35306
Egypt,0,0,0,0,0,0,0,0,0,0,0,0,0,0,0,0,0,0,0,0,0,0,0,0,0,0,0,0,0,0,0,0,0,0,0,0,0,0,0,0,0,0,0,0,0,0,1,1,1,1,1,1,1,1,1,1,1,1,1,1,1,1,2,0,0,0,3,15,0,49,55,59,60,80,93,93,110,126,166,196,210,256,285,294,327,366,442,456,495,536,576,609,656,710,779,779,985,1070,1073,1322,1560,1699,1794,1939,2065,2190,2350,2505,2673,2844,3032,3144,3333,3490,3490,3659,4092,4319,4319,4782,5042,5268,5537,5895,6193,6465,6813,7201,7588,7981,8476,8964,9400,9746,10093,10431,10829,11228,11719,12229,12764,13484,14229,15003
El Salvador,0,0,0,0,0,0,0,0,0,0,0,0,0,0,0,0,0,0,0,0,0,0,0,0,0,0,0,0,0,0,0,0,0,0,0,0,0,0,0,0,0,0,0,0,0,0,0,0,0,0,0,0,0,0,0,0,0,0,0,0,0,0,0,0,0,0,0,0,0,0,0,0,0,0,0,0,0,0,0,1,1,3,3,3,5,9,13,13,13,19,30,32,32,41,46,56,62,69,78,78,103,117,118,118,125,149,159,159,164,177,190,201,218,225,237,250,261,298,298,323,345,377,424,446,446,555,587,587,695,695,784,889,958,998,1037,1112,1210,1265,1265,1338,1413,1498,1571,1640
Equatorial Guinea,0,0,0,0,0,0,0,0,0,0,0,0,0,0,0,0,0,0,0,0,0,0,0,0,0,0,0,0,0,0,0,0,0,0,0,0,0,0,0,0,0,0,0,0,0,0,0,0,0,0,0,0,0,0,0,0,0,0,0,0,0,0,0,0,0,0,0,0,0,0,0,0,0,0,0,1,1,1,1,3,4,4,6,6,9,9,11,12,13,13,14,14,15,15,15,16,16,16,16,16,18,18,18,18,21,21,41,51,51,79,79,79,79,79,83,84,212,214,258,258,315,315,315,315,315,315,315,439,439,439,439,439,439,439,439,522,594,594,594,594,719,890,890,903
Eritrea,0,0,0,0,0,0,0,0,0,0,0,0,0,0,0,0,0,0,0,0,0,0,0,0,0,0,0,0,0,0,0,0,0,0,0,0,0,0,0,0,0,0,0,0,0,0,0,0,0,0,0,0,0,0,0,0,0,0,0,0,0,0,0,0,0,0,0,0,0,0,0,0,0,0,0,0,0,0,0,0,0,0,1,1,1,1,4,6,6,6,12,12,15,18,22,22,29,29,31,31,33,33,34,34,34,34,35,35,35,35,35,39,39,39,39,39,39,39,39,39,39,39,39,39,39,39,39,39,39,39,39,39,39,39,39,39,39,39,39,39,39,39,39,39
Estonia,0,0,0,0,0,0,0,0,0,0,0,0,0,0,0,0,0,0,0,0,0,0,0,0,0,0,0,0,0,0,0,0,0,0,0,0,0,0,0,0,0,0,0,0,0,0,0,0,0,0,0,0,0,0,0,0,0,0,0,1,1,1,1,0,2,0,5,10,0,0,0,13,16,27,79,115,171,205,225,258,267,283,306,326,352,369,404,538,575,640,679,715,745,779,858,961,1018,1097,1108,1149,1185,1207,1258,1304,1309,1332,1373,1402,1434,1459,1512,1528,1535,1552,1559,1592,1605,1635,1643,1647,1660,1666,1689,1694,1699,1700,1703,1711,1713,1720,1725,1733,1739,1741,1746,1751,1758,1766,1770,1774,1784,1791,1794,1800
Ethiopia,0,0,0,0,0,0,0,0,0,0,0,0,0,0,0,0,0,0,0,0,0,0,0,0,0,0,0,0,0,0,0,0,0,0,0,0,0,0,0,0,0,0,0,0,0,0,0,0,0,0,0,0,0,0,0,0,0,0,0,0,0,0,0,0,0,0,0,0,0,0,0,0,0,0,1,1,4,5,5,6,7,9,9,11,11,11,12,12,16,16,16,23,25,29,29,35,38,43,44,52,55,56,65,69,71,74,82,85,92,96,105,108,111,114,116,116,117,122,123,124,126,130,131,133,133,135,140,145,162,191,194,210,239,250,261,263,272,287,306,317,352,365,389,399
Faeroe Islands,0,0,0,0,0,0,0,0,0,0,0,0,0,0,0,0,0,0,0,0,0,0,0,0,0,0,0,0,0,0,0,0,0,0,0,0,0,0,0,0,0,0,0,0,0,0,0,0,0,0,0,0,0,0,0,0,0,0,0,0,0,0,0,0,0,0,0,0,0,0,0,0,0,0,0,0,0,0,0,0,72,80,92,115,118,122,132,140,144,155,159,168,169,173,177,179,181,181,183,184,184,184,184,184,184,184,184,184,184,184,184,185,185,185,185,187,187,187,187,187,187,187,187,187,187,187,187,187,187,187,187,187,187,187,187,187,187,187,187,187,187,187,187,187
Falkland Islands,0,0,0,0,0,0,0,0,0,0,0,0,0,0,0,0,0,0,0,0,0,0,0,0,0,0,0,0,0,0,0,0,0,0,0,0,0,0,0,0,0,0,0,0,0,0,0,0,0,0,0,0,0,0,0,0,0,0,0,0,0,0,0,0,0,0,0,0,0,0,0,0,0,0,0,0,0,0,0,0,0,0,0,0,0,0,0,0,0,0,0,0,0,0,0,1,1,2,2,5,5,5,5,5,5,5,11,11,11,11,11,11,11,12,12,12,12,13,13,13,13,13,13,13,13,13,13,13,13,13,13,13,13,13,13,13,13,13,13,13,13,13,13,13
Fiji,0,0,0,0,0,0,0,0,0,0,0,0,0,0,0,0,0,0,0,0,0,0,0,0,0,0,0,0,0,0,0,0,0,0,0,0,0,0,0,0,0,0,0,0,0,0,0,0,0,0,0,0,0,0,0,0,0,0,0,0,0,0,0,0,0,0,0,0,0,0,0,0,0,0,0,0,0,0,0,0,1,1,2,3,4,5,5,5,5,5,5,5,5,7,7,12,12,14,14,15,15,15,16,16,16,16,16,16,17,17,17,17,18,18,18,18,18,18,18,18,18,18,18,18,18,18,18,18,18,18,18,18,18,18,18,18,18,18,18,18,18,18,18,18
Finland,0,0,0,0,0,0,0,0,0,0,0,0,0,0,0,0,0,0,0,0,0,0,0,0,0,0,0,0,0,0,1,1,1,1,1,1,1,1,1,1,1,1,1,1,1,1,1,1,1,1,1,1,1,1,1,1,1,1,2,2,3,3,6,0,7,0,12,19,0,30,40,0,59,155,183,210,267,272,319,369,400,450,521,626,700,792,880,958,1025,1218,1218,1313,1384,1446,1518,1615,1882,1927,2176,2308,2487,2605,2769,2905,2974,3064,3161,3237,3369,3489,3681,3783,3868,4014,4129,4284,4395,4475,4576,4695,4740,4906,4995,5051,5179,5254,5327,5412,5573,5673,5738,5880,5962,5984,6003,6054,6145,6228,6286,6347,6380,6399,6443,6493
France,0,0,0,0,0,0,0,0,0,0,0,0,0,0,0,0,0,0,0,0,0,0,0,0,0,3,3,3,3,4,5,6,6,6,6,6,6,6,6,11,11,11,11,11,11,11,11,11,12,12,12,12,12,12,12,12,12,14,17,38,57,100,130,178,212,285,423,613,716,1126,1412,1784,2281,2876,3661,4499,5423,6633,7730,9134,10995,12612,14459,16018,19856,22302,25233,29155,32964,37575,40174,44550,52128,56989,59105,64338,68605,70478,74390,78167,82048,86334,90676,93790,95403,98076,103573,106206,108847,109252,111821,112606,114657,117324,119151,120804,122577,124114,124575,125770,126835,128442,129581,130185,130979,131287,131863,132967,137150,137779,138421,138854,139063,139519,140227,140734,141356,141919,142291,142411,142903,143427,143845,144163
French Polynesia,0,0,0,0,0,0,0,0,0,0,0,0,0,0,0,0,0,0,0,0,0,0,0,0,0,0,0,0,0,0,0,0,0,0,0,0,0,0,0,0,0,0,0,0,0,0,0,0,0,0,0,0,0,0,0,0,0,0,0,0,0,0,0,0,0,0,0,0,0,0,0,0,0,0,0,0,0,0,0,3,3,15,17,18,23,25,25,30,30,34,35,36,37,37,37,39,40,41,41,47,51,51,51,51,53,55,55,55,55,55,55,55,56,57,57,57,57,57,57,58,58,58,58,58,58,58,58,60,60,60,60,60,60,60,60,60,60,60,60,60,60,60,60,60
Gabon,0,0,0,0,0,0,0,0,0,0,0,0,0,0,0,0,0,0,0,0,0,0,0,0,0,0,0,0,0,0,0,0,0,0,0,0,0,0,0,0,0,0,0,0,0,0,0,0,0,0,0,0,0,0,0,0,0,0,0,0,0,0,0,0,0,0,0,0,0,0,0,0,0,1,0,1,1,1,1,3,3,3,3,6,6,6,6,7,7,7,7,7,16,18,18,21,21,21,21,30,33,44,46,49,57,57,75,87,95,108,109,109,120,156,166,167,172,176,176,211,238,276,276,308,335,335,367,397,439,504,620,661,661,802,863,1004,1104,1209,1320,1320,1432,1502,1567,1567
Gambia,0,0,0,0,0,0,0,0,0,0,0,0,0,0,0,0,0,0,0,0,0,0,0,0,0,0,0,0,0,0,0,0,0,0,0,0,0,0,0,0,0,0,0,0,0,0,0,0,0,0,0,0,0,0,0,0,0,0,0,0,0,0,0,0,0,0,0,0,0,0,0,0,0,0,0,0,0,0,1,1,1,1,1,1,2,3,3,3,3,3,3,4,4,4,4,4,4,4,4,4,4,4,4,9,9,9,9,9,9,9,9,10,10,10,10,10,10,10,10,10,10,11,12,12,17,17,17,17,17,18,20,20,20,22,23,23,23,23,23,23,24,24,24,24
Georgia,0,0,0,0,0,0,0,0,0,0,0,0,0,0,0,0,0,0,0,0,0,0,0,0,0,0,0,0,0,0,0,0,0,0,0,0,0,0,0,0,0,0,0,0,0,0,0,0,0,0,0,0,0,0,0,0,0,0,1,1,2,3,3,0,0,3,9,0,12,13,15,23,24,25,30,30,30,33,34,34,40,43,49,54,61,70,73,79,81,85,90,98,110,115,121,148,157,174,188,196,211,218,234,242,257,272,300,306,348,370,388,394,402,408,416,425,444,456,486,497,511,517,539,582,582,589,593,604,610,615,623,626,635,638,642,647,667,671,695,701,702,707,713,721
Germany,0,0,0,0,0,0,0,0,0,0,0,0,0,0,0,0,0,0,0,0,0,0,0,0,0,0,0,0,1,4,4,5,7,8,9,11,11,11,12,13,13,13,13,15,15,15,15,15,15,15,15,15,15,15,15,15,15,17,21,47,57,111,129,157,196,262,400,684,847,902,1139,1296,1567,2369,3062,3795,4838,6012,7156,8198,14138,18187,21463,24774,29212,31554,36508,42288,48582,52547,57298,61913,67366,73522,79696,85778,91714,95391,99225,103228,108202,113525,117658,120479,123016,125098,127584,130450,133830,137439,139897,141672,143457,145694,148046,150383,152438,154175,155193,156337,157641,159119,159119,161703,162496,163175,163860,164897,166091,167300,168551,169218,169575,170508,171306,172239,173152,173772,174355,174697,175210,176007,176752,177212
Ghana,0,0,0,0,0,0,0,0,0,0,0,0,0,0,0,0,0,0,0,0,0,0,0,0,0,0,0,0,0,0,0,0,0,0,0,0,0,0,0,0,0,0,0,0,0,0,0,0,0,0,0,0,0,0,0,0,0,0,0,0,0,0,0,0,0,0,0,0,0,0,0,0,0,2,0,2,2,6,6,7,11,16,21,24,27,53,68,132,137,141,152,152,152,195,204,205,214,214,287,287,313,378,378,408,566,566,636,641,641,641,834,1042,1042,1042,1154,1154,1279,1279,1550,1550,1671,1671,2074,2074,2169,2169,2719,2719,3091,3091,4012,4263,4263,4700,5127,5408,5530,5638,5735,5735,5735,6096,6269,6486
Gibraltar,0,0,0,0,0,0,0,0,0,0,0,0,0,0,0,0,0,0,0,0,0,0,0,0,0,0,0,0,0,0,0,0,0,0,0,0,0,0,0,0,0,0,0,0,0,0,0,0,0,0,0,0,0,0,0,0,0,0,0,0,0,0,0,0,0,0,0,0,0,0,0,0,0,0,0,0,0,0,0,0,10,10,10,15,15,15,26,35,55,56,65,69,69,69,88,95,98,103,109,113,120,123,127,129,129,129,129,131,133,133,133,133,133,133,133,133,133,136,141,141,141,141,144,144,144,144,144,144,144,144,146,146,146,147,147,147,147,147,147,147,147,147,149,151
Greece,0,0,0,0,0,0,0,0,0,0,0,0,0,0,0,0,0,0,0,0,0,0,0,0,0,0,0,0,0,0,0,0,0,0,0,0,0,0,0,0,0,0,0,0,0,0,0,0,0,0,0,0,0,0,0,0,0,0,1,3,4,7,7,0,0,10,32,45,66,73,84,90,99,133,190,228,331,352,387,418,464,495,530,624,695,743,821,892,966,1061,1156,1212,1314,1375,1514,1613,1673,1735,1755,1832,1884,1955,2011,2081,2114,2145,2170,2192,2207,2207,2207,2235,2245,2401,2408,2463,2490,2506,2506,2534,2534,2576,2591,2591,2620,2626,2632,2642,2663,2678,2691,2710,2716,2726,2744,2760,2770,2810,2819,2834,2836,2840,2850,2853
Greenland,0,0,0,0,0,0,0,0,0,0,0,0,0,0,0,0,0,0,0,0,0,0,0,0,0,0,0,0,0,0,0,0,0,0,0,0,0,0,0,0,0,0,0,0,0,0,0,0,0,0,0,0,0,0,0,0,0,0,0,0,0,0,0,0,0,0,0,0,0,0,0,0,0,0,0,0,0,0,0,0,2,2,2,2,4,4,5,6,9,10,10,10,10,10,10,10,10,11,11,11,11,11,11,11,11,11,11,11,11,11,11,11,11,11,11,11,11,11,11,11,11,11,11,11,11,11,11,11,11,11,11,11,11,11,11,11,11,11,11,11,11,11,11,11
Grenada,0,0,0,0,0,0,0,0,0,0,0,0,0,0,0,0,0,0,0,0,0,0,0,0,0,0,0,0,0,0,0,0,0,0,0,0,0,0,0,0,0,0,0,0,0,0,0,0,0,0,0,0,0,0,0,0,0,0,0,0,0,0,0,0,0,0,0,0,0,0,0,0,0,0,0,0,0,0,0,0,0,0,0,1,1,1,1,7,7,9,9,9,9,10,10,12,12,12,12,12,12,12,14,14,14,14,14,14,14,14,14,14,14,14,15,15,15,18,18,18,18,20,20,20,21,21,21,21,21,21,21,21,21,21,21,21,21,22,22,22,22,22,22,22
Guam,0,0,0,0,0,0,0,0,0,0,0,0,0,0,0,0,0,0,0,0,0,0,0,0,0,0,0,0,0,0,0,0,0,0,0,0,0,0,0,0,0,0,0,0,0,0,0,0,0,0,0,0,0,0,0,0,0,0,0,0,0,0,0,0,0,0,0,0,0,0,0,0,0,0,0,0,0,0,0,3,12,14,15,27,29,32,37,49,51,55,56,60,69,77,82,87,93,110,112,121,125,128,130,133,133,134,135,135,135,136,136,136,136,136,137,140,141,141,142,144,145,145,146,146,148,149,149,149,151,151,151,151,151,152,152,152,154,154,154,154,154,154,165,165
Guatemala,0,0,0,0,0,0,0,0,0,0,0,0,0,0,0,0,0,0,0,0,0,0,0,0,0,0,0,0,0,0,0,0,0,0,0,0,0,0,0,0,0,0,0,0,0,0,0,0,0,0,0,0,0,0,0,0,0,0,0,0,0,0,0,0,0,0,0,0,0,0,0,0,0,0,0,1,1,6,6,8,9,13,17,19,20,21,24,25,32,34,36,36,38,46,47,50,61,70,74,80,87,126,137,153,156,167,180,196,214,235,257,289,294,316,342,384,430,473,500,530,557,585,599,644,688,703,730,763,798,832,900,967,1052,1114,1199,1342,1518,1643,1763,1912,2001,2133,2265,2512
Guernsey,0,0,0,0,0,0,0,0,0,0,0,0,0,0,0,0,0,0,0,0,0,0,0,0,0,0,0,0,0,0,0,0,0,0,0,0,0,0,0,0,0,0,0,0,0,0,0,0,0,0,0,0,0,0,0,0,0,0,0,0,0,0,0,0,0,0,0,0,0,0,0,0,0,0,0,0,0,0,0,0,1,1,1,17,20,23,30,34,36,39,45,45,60,78,91,114,136,154,165,166,181,191,200,209,218,219,223,223,234,234,239,239,239,239,243,245,245,245,247,247,247,251,251,252,252,252,252,252,252,252,252,252,252,252,252,252,252,252,252,252,252,252,252,252
Guinea,0,0,0,0,0,0,0,0,0,0,0,0,0,0,0,0,0,0,0,0,0,0,0,0,0,0,0,0,0,0,0,0,0,0,0,0,0,0,0,0,0,0,0,0,0,0,0,0,0,0,0,0,0,0,0,0,0,0,0,0,0,0,0,0,0,0,0,0,0,0,0,0,0,0,1,1,0,1,1,1,1,2,2,2,2,4,4,5,5,8,8,16,16,30,52,52,111,121,128,144,164,194,212,250,250,319,363,404,438,477,477,579,622,688,761,862,954,996,1094,1163,1240,1351,1495,1537,1586,1586,1710,1811,1856,1927,2009,2042,2146,2213,2213,2374,2473,2531,2658,2658,2796,2863,2863,3067
Guinea-Bissau,0,0,0,0,0,0,0,0,0,0,0,0,0,0,0,0,0,0,0,0,0,0,0,0,0,0,0,0,0,0,0,0,0,0,0,0,0,0,0,0,0,0,0,0,0,0,0,0,0,0,0,0,0,0,0,0,0,0,0,0,0,0,0,0,0,0,0,0,0,0,0,0,0,0,0,0,0,0,0,0,0,0,0,0,0,0,0,2,2,2,2,2,8,9,9,15,18,18,33,33,33,35,35,38,39,39,40,43,46,50,50,50,50,50,50,52,52,52,53,73,73,77,205,257,257,292,413,475,475,564,594,641,726,761,820,820,913,913,913,990,990,1038,1038,1089
Guyana,0,0,0,0,0,0,0,0,0,0,0,0,0,0,0,0,0,0,0,0,0,0,0,0,0,0,0,0,0,0,0,0,0,0,0,0,0,0,0,0,0,0,0,0,0,0,0,0,0,0,0,0,0,0,0,0,0,0,0,0,0,0,0,0,0,0,0,0,0,0,0,0,0,1,0,0,4,4,4,5,5,5,5,5,5,5,5,5,5,8,8,8,12,19,19,23,24,29,31,33,37,37,40,45,45,47,48,55,57,63,63,65,66,67,67,70,73,74,74,74,75,78,82,82,82,82,92,93,93,93,94,97,104,109,113,113,113,116,117,117,124,125,125,127
Haiti,0,0,0,0,0,0,0,0,0,0,0,0,0,0,0,0,0,0,0,0,0,0,0,0,0,0,0,0,0,0,0,0,0,0,0,0,0,0,0,0,0,0,0,0,0,0,0,0,0,0,0,0,0,0,0,0,0,0,0,0,0,0,0,0,0,0,0,0,0,0,0,0,0,0,0,0,0,0,0,0,2,2,2,2,5,7,8,8,8,8,15,15,15,16,18,18,21,21,24,25,27,30,31,33,33,40,40,41,43,44,44,47,57,58,62,72,72,72,72,76,76,76,81,85,85,85,100,101,108,129,146,151,182,209,219,234,273,310,358,456,533,596,596,734
Honduras,0,0,0,0,0,0,0,0,0,0,0,0,0,0,0,0,0,0,0,0,0,0,0,0,0,0,0,0,0,0,0,0,0,0,0,0,0,0,0,0,0,0,0,0,0,0,0,0,0,0,0,0,0,0,0,0,0,0,0,0,0,0,0,0,0,0,0,0,0,0,0,0,2,0,3,0,6,8,9,12,24,24,26,27,30,36,52,67,95,110,139,141,172,219,222,264,268,298,305,312,343,382,392,393,397,407,419,426,442,457,472,477,494,510,519,519,591,627,661,693,738,771,804,899,1010,1055,1178,1270,1461,1685,1771,1830,1972,2006,2080,2255,2318,2460,2565,2646,2798,2955,3100,3204
Hungary,0,0,0,0,0,0,0,0,0,0,0,0,0,0,0,0,0,0,0,0,0,0,0,0,0,0,0,0,0,0,0,0,0,0,0,0,0,0,0,0,0,0,0,0,0,0,0,0,0,0,0,0,0,0,0,0,0,0,0,0,0,0,0,0,0,2,0,4,7,8,9,12,13,16,25,31,39,50,50,73,85,103,131,167,187,226,261,300,343,408,447,492,525,585,623,678,733,744,817,895,980,1190,1310,1410,1458,1512,1579,1652,1763,1834,1916,1984,2098,2168,2284,2383,2443,2500,2583,2649,2727,2775,2863,2942,2998,3035,3065,3111,3150,3178,3213,3263,3284,3313,3341,3380,3417,3473,3509,3535,3556,3598,3641,3678
Iceland,0,0,0,0,0,0,0,0,0,0,0,0,0,0,0,0,0,0,0,0,0,0,0,0,0,0,0,0,0,0,0,0,0,0,0,0,0,0,0,0,0,0,0,0,0,0,0,0,0,0,0,0,0,0,0,0,0,0,0,0,1,1,3,6,16,26,35,43,53,55,65,70,85,117,117,138,178,199,247,250,330,409,473,568,588,648,737,802,890,963,1020,1086,1135,1220,1319,1364,1417,1486,1562,1586,1616,1648,1675,1689,1701,1711,1720,1727,1739,1754,1760,1771,1773,1778,1785,1789,1789,1790,1792,1792,1795,1797,1797,1798,1798,1799,1799,1799,1799,1801,1801,1801,1801,1801,1801,1802,1802,1802,1802,1802,1802,1802,1803,1803
India,0,0,0,0,0,0,0,0,0,0,0,0,0,0,0,0,0,0,0,0,0,0,0,0,0,0,0,0,0,0,1,1,1,2,2,3,3,3,3,3,3,3,3,3,3,3,3,3,3,3,3,3,3,3,3,3,3,3,3,3,3,3,3,5,6,28,29,31,34,0,44,50,73,75,83,90,93,125,137,165,191,231,320,439,492,562,649,724,873,979,1071,1251,1397,1965,2301,2902,3374,4067,4421,5194,5734,6412,7447,8356,9152,10363,11438,12380,13387,14378,15712,17265,18600,19984,21393,23077,24506,26496,27892,29435,31332,33050,35043,37336,39980,42533,46433,49391,52952,56342,59662,62939,67152,70756,74281,78003,81970,85940,90927,96169,101139,106750,112359,118447
Indonesia,0,0,0,0,0,0,0,0,0,0,0,0,0,0,0,0,0,0,0,0,0,0,0,0,0,0,0,0,0,0,0,0,0,0,0,0,0,0,0,0,0,0,0,0,0,0,0,0,0,0,0,0,0,0,0,0,0,0,0,0,0,0,2,0,0,0,0,4,0,6,0,19,34,0,69,96,117,134,172,172,227,309,450,514,579,686,790,893,1046,1155,1285,1414,1528,1677,1790,1986,2092,2273,2491,2738,2956,3293,3512,3842,4241,4557,4839,5136,5516,5923,6248,6575,6760,7135,7418,7775,8211,8607,8882,9096,9511,9771,10118,10551,10843,11192,11587,12071,12438,12776,13112,13645,14032,14265,14749,15438,16006,16496,17025,17514,18010,18496,19189,20162
International,0,0,0,0,0,0,0,0,0,0,0,0,0,0,0,0,0,0,0,0,0,0,0,0,0,0,0,0,0,0,0,0,0,0,0,0,10,20,61,64,64,70,135,174,174,221,221,355,355,454,542,621,634,634,634,691,691,691,705,705,705,705,705,0,0,0,0,0,0,0,696,0,0,0,0,0,0,0,0,0,0,0,0,0,0,0,0,0,0,0,0,0,0,0,0,0,0,0,0,0,0,0,0,0,0,0,0,0,0,0,0,0,0,0,0,0,0,0,0,0,0,0,0,0,0,0,0,0,0,0,0,0,0,0,0,0,0,0,0,0,0,0,0,0
Iran,0,0,0,0,0,0,0,0,0,0,0,0,0,0,0,0,0,0,0,0,0,0,0,0,0,0,0,0,0,0,0,0,0,0,0,0,0,0,0,0,0,0,0,0,0,0,0,0,0,0,0,2,5,18,28,43,61,95,139,245,388,593,978,1501,2336,2922,3513,4747,5823,6566,7161,8042,9000,10075,11364,12729,13938,14991,16169,17361,18407,19644,20610,21638,23049,24811,27017,29406,32332,35408,38309,41495,44606,47593,50468,50468,55743,58226,60500,62589,64586,66220,68192,70029,71686,73303,74877,76389,77995,79494,80868,82211,83505,84802,85996,87026,88194,89328,90481,91472,92584,93657,94640,95646,96448,97424,98647,99970,101650,103135,104691,106220,107603,109286,110767,112725,114533,116635,118392,120198,122492,124603,126949,129341
Iraq,0,0,0,0,0,0,0,0,0,0,0,0,0,0,0,0,0,0,0,0,0,0,0,0,0,0,0,0,0,0,0,0,0,0,0,0,0,0,0,0,0,0,0,0,0,0,0,0,0,0,0,0,0,0,0,0,1,5,5,6,7,13,19,21,26,31,38,0,54,61,0,61,70,74,85,85,124,124,154,164,177,193,214,233,266,316,346,382,458,506,547,630,694,694,772,772,878,961,1031,1031,1202,1232,1279,1318,1352,1378,1400,1415,1434,1482,1482,1539,1574,1602,1602,1677,1708,1763,1820,1847,1847,2003,2085,2153,2219,2296,2346,2431,2480,2543,2603,2679,2767,2818,2913,3032,3143,3193,3260,3404,3554,3611,3724,3877
Ireland,0,0,0,0,0,0,0,0,0,0,0,0,0,0,0,0,0,0,0,0,0,0,0,0,0,0,0,0,0,0,0,0,0,0,0,0,0,0,0,0,0,0,0,0,0,0,0,0,0,0,0,0,0,0,0,0,0,0,0,0,0,1,1,0,2,6,13,18,19,21,0,35,43,70,91,129,169,223,292,366,557,683,785,906,1125,1329,1564,1819,2121,2415,2615,2910,3235,3447,3849,4273,4604,5111,5364,5709,6224,7393,8089,8928,9655,10647,11479,12547,13271,13980,14758,15251,15652,16040,16671,17607,18184,18561,19262,19648,19877,20253,20612,20833,21176,21506,21722,21983,22248,22385,22541,22760,22996,23135,23242,23401,23827,23956,24048,24112,24200,24251,24315,24391
Isle of Man,0,0,0,0,0,0,0,0,0,0,0,0,0,0,0,0,0,0,0,0,0,0,0,0,0,0,0,0,0,0,0,0,0,0,0,0,0,0,0,0,0,0,0,0,0,0,0,0,0,0,0,0,0,0,0,0,0,0,0,0,0,0,0,0,0,0,0,0,0,0,0,0,0,0,0,0,0,0,0,0,0,1,2,2,13,23,23,26,29,32,42,42,52,65,71,114,126,127,139,150,158,190,201,226,228,242,242,254,284,289,297,298,300,307,307,307,308,308,308,308,309,313,315,316,320,321,325,326,327,329,329,330,330,330,331,332,332,334,335,335,335,335,336,336
Israel,0,0,0,0,0,0,0,0,0,0,0,0,0,0,0,0,0,0,0,0,0,0,0,0,0,0,0,0,0,0,0,0,0,0,0,0,0,0,0,0,0,0,0,0,0,0,0,0,0,0,0,0,0,1,1,2,2,2,2,3,7,7,10,0,0,15,17,19,25,39,0,70,82,96,116,178,250,260,427,433,677,712,883,1071,1442,1930,2369,2666,3035,3619,4247,4473,4916,5591,6252,7428,8018,8430,8904,9248,9404,9968,10408,10743,11145,11586,12046,12501,12758,12982,13265,13491,13713,13942,14592,14882,15058,15298,15398,15466,15589,15834,15946,16101,16185,16208,16246,16289,16310,16381,16436,16454,16477,16506,16529,16548,16579,16589,16608,16617,16621,16650,16670,16690
Italy,0,0,0,0,0,0,0,0,0,0,0,0,0,0,0,0,0,0,0,0,0,0,0,0,0,0,0,0,0,0,0,3,3,3,3,3,3,3,3,3,3,3,3,3,3,3,3,3,3,3,3,3,3,17,79,132,229,322,400,650,888,1128,1689,2036,2502,3089,3858,4636,5883,7375,9172,10149,12462,15113,17660,21157,23980,27980,31506,35713,41035,47021,53578,59138,63927,69176,74386,80539,86498,92472,97689,101739,105792,110574,115242,119827,124632,128948,132547,135586,139422,143626,147577,152271,156363,159516,162488,165155,168941,172434,175925,178972,181228,183957,187327,189973,192994,195351,197675,199414,201505,203591,205463,207428,209328,210717,211938,213013,214457,215858,217185,218268,219070,219814,221216,222104,223096,223885,224760,225435,225886,226699,227364,228006
Jamaica,0,0,0,0,0,0,0,0,0,0,0,0,0,0,0,0,0,0,0,0,0,0,0,0,0,0,0,0,0,0,0,0,0,0,0,0,0,0,0,0,0,0,0,0,0,0,0,0,0,0,0,0,0,0,0,0,0,0,0,0,0,0,0,0,0,0,0,0,0,0,0,0,2,6,8,0,10,10,13,15,16,19,19,19,19,21,25,26,26,32,34,38,38,44,47,53,55,58,59,63,63,63,65,69,72,73,105,125,143,163,173,196,223,233,252,252,288,305,350,364,381,396,422,432,463,469,471,473,478,488,490,498,502,505,507,509,509,511,517,520,520,520,529,534
Japan,0,0,0,0,0,0,0,0,0,0,0,0,0,0,0,1,1,1,1,1,1,1,1,1,2,2,3,3,4,7,11,14,15,19,20,20,25,25,25,25,25,25,25,25,29,30,38,52,59,59,66,84,93,105,132,144,144,164,186,210,230,239,254,254,268,317,349,408,455,488,514,568,619,675,737,780,814,824,829,873,950,1007,1046,1089,1128,1193,1268,1364,1499,1693,1866,1953,1953,2178,2617,2935,3271,3654,3817,3906,4257,4667,5347,6748,7255,7645,8100,8582,9167,9795,10361,10751,11118,11496,11772,12240,12892,13182,13385,13576,13852,14088,14281,14544,14839,15057,15231,15354,15463,15547,15628,15747,15798,15874,16024,16079,16193,16237,16285,16305,16365,16385,16424,16513
Jersey,0,0,0,0,0,0,0,0,0,0,0,0,0,0,0,0,0,0,0,0,0,0,0,0,0,0,0,0,0,0,0,0,0,0,0,0,0,0,0,0,0,0,0,0,0,0,0,0,0,0,0,0,0,0,0,0,0,0,0,0,0,0,0,0,0,0,0,0,0,0,0,0,0,0,0,0,0,0,0,0,5,12,12,15,18,18,18,32,52,61,63,63,81,81,81,118,123,155,169,170,170,183,198,198,213,217,217,217,223,224,245,249,249,255,255,276,278,280,281,283,284,286,286,286,291,292,293,293,293,293,293,293,294,294,295,296,297,297,302,302,303,303,306,306
Jordan,0,0,0,0,0,0,0,0,0,0,0,0,0,0,0,0,0,0,0,0,0,0,0,0,0,0,0,0,0,0,0,0,0,0,0,0,0,0,0,0,0,0,0,0,0,0,0,0,0,0,0,0,0,0,0,0,0,0,0,0,0,0,0,1,0,0,0,0,1,0,0,0,0,0,0,1,15,16,35,52,56,69,84,99,112,127,153,172,212,235,259,268,274,278,299,299,323,345,349,349,358,372,372,381,389,391,397,401,402,407,413,417,425,425,428,437,441,444,447,449,449,451,453,459,460,461,465,471,473,494,508,522,540,562,576,582,586,596,607,613,629,649,672,684
Kazakhstan,0,0,0,0,0,0,0,0,0,0,0,0,0,0,0,0,0,0,0,0,0,0,0,0,0,0,0,0,0,0,0,0,0,0,0,0,0,0,0,0,0,0,0,0,0,0,0,0,0,0,0,0,0,0,0,0,0,0,0,0,0,0,0,0,0,0,0,0,0,0,0,0,0,0,0,6,9,11,33,37,49,53,56,60,62,79,88,120,193,229,284,325,340,348,386,460,460,531,670,704,759,802,840,880,961,1179,1267,1331,1470,1591,1654,1735,1949,2025,2191,2334,2482,2652,2717,2860,3063,3205,3504,3671,3877,3964,4121,4277,4502,4690,4834,5036,5126,5240,5417,5571,5571,5850,6157,6440,6751,6969,7234,7597
Kenya,0,0,0,0,0,0,0,0,0,0,0,0,0,0,0,0,0,0,0,0,0,0,0,0,0,0,0,0,0,0,0,0,0,0,0,0,0,0,0,0,0,0,0,0,0,0,0,0,0,0,0,0,0,0,0,0,0,0,0,0,0,0,0,0,0,0,0,0,0,0,0,0,0,0,1,1,3,3,4,7,7,7,7,15,16,25,25,31,31,38,42,50,59,81,110,122,126,142,158,172,179,184,189,191,197,208,216,225,234,246,262,270,281,281,303,320,336,343,355,363,374,384,396,411,435,465,490,535,582,607,621,649,672,700,715,737,758,781,830,887,912,963,1029,1109
Kosovo,0,0,0,0,0,0,0,0,0,0,0,0,0,0,0,0,0,0,0,0,0,0,0,0,0,0,0,0,0,0,0,0,0,0,0,0,0,0,0,0,0,0,0,0,0,0,0,0,0,0,0,0,0,0,0,0,0,0,0,0,0,0,0,0,0,0,0,0,0,0,0,0,0,0,0,0,2,2,19,19,21,24,24,31,61,63,71,79,86,88,91,106,112,112,125,126,132,140,145,184,184,227,250,283,362,377,387,423,449,480,510,510,598,604,630,669,703,731,763,780,790,799,799,813,823,851,855,856,860,861,862,870,870,884,919,919,944,944,944,955,955,989,989,1003
Kuwait,0,0,0,0,0,0,0,0,0,0,0,0,0,0,0,0,0,0,0,0,0,0,0,0,0,0,0,0,0,0,0,0,0,0,0,0,0,0,0,0,0,0,0,0,0,0,0,0,0,0,0,0,0,0,0,3,5,11,26,43,45,45,46,56,0,0,58,0,61,64,65,69,72,80,100,104,112,123,130,142,148,159,176,188,189,191,195,208,225,235,255,266,289,317,342,342,479,556,665,743,855,910,993,1154,1234,1300,1355,1405,1524,1658,1752,1915,1995,2080,2248,2399,2614,2892,3075,3288,3440,3740,4024,4377,4619,4983,5278,5804,6289,6567,7208,7623,8688,9286,10277,11028,11975,12860,13802,14850,15691,16764,17568,18609
Kyrgyzstan,0,0,0,0,0,0,0,0,0,0,0,0,0,0,0,0,0,0,0,0,0,0,0,0,0,0,0,0,0,0,0,0,0,0,0,0,0,0,0,0,0,0,0,0,0,0,0,0,0,0,0,0,0,0,0,0,0,0,0,0,0,0,0,0,0,0,0,0,0,0,0,0,0,0,0,0,0,0,0,3,6,6,14,14,16,42,44,44,58,84,84,84,107,112,125,144,144,216,228,270,280,298,339,377,419,430,449,466,489,506,554,568,590,612,631,656,665,682,695,708,729,746,746,769,795,830,843,871,895,906,931,1002,1016,1037,1044,1082,1111,1117,1138,1216,1243,1270,1313,1350
Laos,0,0,0,0,0,0,0,0,0,0,0,0,0,0,0,0,0,0,0,0,0,0,0,0,0,0,0,0,0,0,0,0,0,0,0,0,0,0,0,0,0,0,0,0,0,0,0,0,0,0,0,0,0,0,0,0,0,0,0,0,0,0,0,0,0,0,0,0,0,0,0,0,0,0,0,0,0,0,0,0,0,0,0,0,0,2,2,6,6,6,6,9,9,10,10,10,10,11,12,12,15,16,16,18,19,19,19,19,19,19,19,19,19,19,19,19,19,19,19,19,19,19,19,19,19,19,19,19,19,19,19,19,19,19,19,19,19,19,19,19,19,19,19,19
Latvia,0,0,0,0,0,0,0,0,0,0,0,0,0,0,0,0,0,0,0,0,0,0,0,0,0,0,0,0,0,0,0,0,0,0,0,0,0,0,0,0,0,0,0,0,0,0,0,0,0,0,0,0,0,0,0,0,0,0,0,0,0,0,0,1,0,0,0,0,2,3,6,8,10,16,19,26,31,36,61,71,86,111,124,139,180,197,221,244,280,305,376,376,398,446,458,493,509,533,542,548,577,589,612,630,651,655,657,666,675,682,712,727,739,748,761,778,784,804,812,818,836,849,858,870,871,879,896,896,900,909,928,930,939,946,950,951,962,970,997,1008,1009,1012,1016,1025
Lebanon,0,0,0,0,0,0,0,0,0,0,0,0,0,0,0,0,0,0,0,0,0,0,0,0,0,0,0,0,0,0,0,0,0,0,0,0,0,0,0,0,0,0,0,0,0,0,0,0,0,0,0,0,0,1,1,1,1,1,2,3,3,4,10,13,0,0,16,22,0,32,41,41,61,66,0,93,99,120,120,133,149,163,230,248,267,304,333,368,391,412,438,446,463,479,494,494,520,527,541,548,575,582,609,619,630,632,641,658,663,668,672,673,677,677,682,688,696,704,707,710,717,721,725,729,733,737,740,741,750,784,796,809,845,859,870,878,886,891,902,911,931,954,961,1024
Lesotho,0,0,0,0,0,0,0,0,0,0,0,0,0,0,0,0,0,0,0,0,0,0,0,0,0,0,0,0,0,0,0,0,0,0,0,0,0,0,0,0,0,0,0,0,0,0,0,0,0,0,0,0,0,0,0,0,0,0,0,0,0,0,0,0,0,0,0,0,0,0,0,0,0,0,0,0,0,0,0,0,0,0,0,0,0,0,0,0,0,0,0,0,0,0,0,0,0,0,0,0,0,0,0,0,0,0,0,0,0,0,0,0,0,0,0,0,0,0,0,0,0,0,0,0,0,0,0,0,0,0,0,0,0,0,0,0,1,1,1,1,1,1,1,1
Liberia,0,0,0,0,0,0,0,0,0,0,0,0,0,0,0,0,0,0,0,0,0,0,0,0,0,0,0,0,0,0,0,0,0,0,0,0,0,0,0,0,0,0,0,0,0,0,0,0,0,0,0,0,0,0,0,0,0,0,0,0,0,0,0,0,0,0,0,0,0,0,0,0,0,0,0,0,0,1,2,2,2,2,3,3,3,3,3,3,3,3,3,3,3,6,6,7,10,13,14,14,31,31,37,48,50,59,59,59,73,76,81,91,99,101,101,101,117,120,124,133,141,141,141,152,154,158,166,170,178,189,199,199,199,211,212,213,215,219,223,226,229,233,238,240
Libya,0,0,0,0,0,0,0,0,0,0,0,0,0,0,0,0,0,0,0,0,0,0,0,0,0,0,0,0,0,0,0,0,0,0,0,0,0,0,0,0,0,0,0,0,0,0,0,0,0,0,0,0,0,0,0,0,0,0,0,0,0,0,0,0,0,0,0,0,0,0,0,0,0,0,0,0,0,0,0,0,0,0,0,0,0,1,1,1,1,1,8,8,10,10,11,11,18,18,18,19,21,24,24,25,25,26,35,48,49,49,49,49,51,51,59,60,61,61,61,61,61,61,61,63,63,63,63,63,64,64,64,64,64,64,64,64,64,64,65,65,65,68,69,71
Liechtenstein,0,0,0,0,0,0,0,0,0,0,0,0,0,0,0,0,0,0,0,0,0,0,0,0,0,0,0,0,0,0,0,0,0,0,0,0,0,0,0,0,0,0,0,0,0,0,0,0,0,0,0,0,0,0,0,0,0,0,0,0,0,0,0,0,0,1,0,0,0,0,0,0,3,4,4,4,7,7,7,25,25,34,36,46,46,47,51,56,60,61,62,64,68,72,75,75,77,78,78,78,79,79,80,80,80,81,81,81,81,81,82,82,82,82,82,82,82,83,83,83,83,83,83,83,83,83,83,83,83,83,83,83,83,83,83,83,83,83,83,83,83,83,83,83
Lithuania,0,0,0,0,0,0,0,0,0,0,0,0,0,0,0,0,0,0,0,0,0,0,0,0,0,0,0,0,0,0,0,0,0,0,0,0,0,0,0,0,0,0,0,0,0,0,0,0,0,0,0,0,0,0,0,0,0,0,0,1,1,1,1,0,0,0,0,0,0,0,0,3,3,0,6,9,14,17,25,33,48,69,105,143,179,209,274,299,358,394,484,484,533,581,649,771,771,811,843,880,912,955,999,1053,1062,1070,1070,1091,1149,1239,1298,1326,1350,1370,1398,1410,1410,1426,1438,1449,1344,1375,1385,1399,1406,1410,1419,1423,1428,1433,1436,1444,1479,1485,1491,1505,1511,1523,1534,1541,1547,1562,1577,1594
Luxembourg,0,0,0,0,0,0,0,0,0,0,0,0,0,0,0,0,0,0,0,0,0,0,0,0,0,0,0,0,0,0,0,0,0,0,0,0,0,0,0,0,0,0,0,0,0,0,0,0,0,0,0,0,0,0,0,0,0,0,0,0,0,1,1,0,0,0,0,3,0,5,0,7,7,26,38,0,77,81,140,210,345,484,670,798,875,1099,1333,1453,1605,1831,1950,1988,2178,2319,2487,2612,2729,2804,2843,2970,3034,3115,3223,3270,3281,3292,3307,3373,3444,3480,3537,3550,3558,3618,3654,3665,3695,3711,3723,3729,3741,3769,3784,3802,3812,3824,3828,3840,3851,3859,3871,3877,3886,3888,3894,3904,3915,3923,3930,3945,3947,3958,3971,3980
Macedonia,0,0,0,0,0,0,0,0,0,0,0,0,0,0,0,0,0,0,0,0,0,0,0,0,0,0,0,0,0,0,0,0,0,0,0,0,0,0,0,0,0,0,0,0,0,0,0,0,0,0,0,0,0,0,0,0,0,0,1,1,1,1,1,0,0,0,0,3,0,0,0,7,0,9,13,0,13,19,31,42,48,70,85,114,136,148,177,201,219,241,259,285,329,354,354,430,483,483,570,599,617,663,711,760,828,854,908,974,1081,1117,1170,1207,1225,1231,1259,1300,1326,1367,1386,1399,1421,1442,1465,1494,1506,1511,1518,1526,1539,1572,1586,1622,1642,1664,1674,1694,1723,1740,1762,1792,1817,1839,1858,1898
Madagascar,0,0,0,0,0,0,0,0,0,0,0,0,0,0,0,0,0,0,0,0,0,0,0,0,0,0,0,0,0,0,0,0,0,0,0,0,0,0,0,0,0,0,0,0,0,0,0,0,0,0,0,0,0,0,0,0,0,0,0,0,0,0,0,0,0,0,0,0,0,0,0,0,0,0,0,0,0,0,0,0,0,3,3,3,17,19,19,23,24,28,37,44,46,54,59,65,71,72,77,85,93,93,102,102,106,106,108,110,111,117,117,121,121,121,121,121,122,124,124,128,128,128,132,135,135,149,149,158,158,169,169,169,171,186,192,212,230,238,283,304,322,326,371,405
Malawi,0,0,0,0,0,0,0,0,0,0,0,0,0,0,0,0,0,0,0,0,0,0,0,0,0,0,0,0,0,0,0,0,0,0,0,0,0,0,0,0,0,0,0,0,0,0,0,0,0,0,0,0,0,0,0,0,0,0,0,0,0,0,0,0,0,0,0,0,0,0,0,0,0,0,0,0,0,0,0,0,0,0,0,0,0,0,0,0,0,0,0,0,0,0,3,3,4,4,5,8,8,8,9,12,13,16,16,16,16,17,17,17,17,18,23,33,33,33,34,36,36,36,37,37,38,39,41,41,43,43,43,56,56,57,58,63,63,63,65,70,70,71,72,72
Malaysia,0,0,0,0,0,0,0,0,0,0,0,0,0,0,0,0,0,0,0,0,0,0,0,0,0,3,4,4,4,7,7,8,8,8,8,8,10,12,14,15,16,18,18,18,18,19,21,22,22,22,22,22,22,22,22,22,22,22,22,23,25,25,29,0,36,50,50,83,93,99,117,129,149,158,197,238,428,553,673,790,900,1030,1183,1306,1518,1624,1796,2031,2161,2320,2470,2626,2766,2908,3116,3333,3483,3662,3793,3963,4119,4228,4346,4530,4683,4817,4987,5072,5182,5251,5305,5389,5425,5482,5532,5603,5691,5742,5780,5820,5851,5945,6002,6071,6176,6298,6353,6383,6428,6467,6535,6589,6656,6726,6742,6779,6819,6855,6872,6894,6941,6978,7009,7059
Maldives,0,0,0,0,0,0,0,0,0,0,0,0,0,0,0,0,0,0,0,0,0,0,0,0,0,0,0,0,0,0,0,0,0,0,0,0,0,0,0,0,0,0,0,0,0,0,0,0,0,0,0,0,0,0,0,0,0,0,0,0,0,0,0,0,0,0,0,0,2,4,0,6,8,0,9,9,13,13,13,13,13,13,13,13,13,13,13,13,14,16,17,17,18,19,19,19,19,19,19,19,19,19,19,19,20,20,21,21,25,29,35,52,69,85,85,110,128,137,214,214,245,277,468,491,519,527,551,573,617,642,644,790,835,897,904,955,982,1031,1078,1094,1106,1143,1186,1216
Mali,0,0,0,0,0,0,0,0,0,0,0,0,0,0,0,0,0,0,0,0,0,0,0,0,0,0,0,0,0,0,0,0,0,0,0,0,0,0,0,0,0,0,0,0,0,0,0,0,0,0,0,0,0,0,0,0,0,0,0,0,0,0,0,0,0,0,0,0,0,0,0,0,0,0,0,0,0,0,0,0,0,0,0,0,0,0,2,4,4,9,18,18,18,28,36,39,41,45,47,56,59,59,87,105,116,123,144,148,171,190,216,224,246,258,293,309,325,370,389,408,424,482,490,508,544,563,580,612,631,650,668,692,704,712,730,758,779,806,835,860,874,901,931,947
Malta,0,0,0,0,0,0,0,0,0,0,0,0,0,0,0,0,0,0,0,0,0,0,0,0,0,0,0,0,0,0,0,0,0,0,0,0,0,0,0,0,0,0,0,0,0,0,0,0,0,0,0,0,0,0,0,0,0,0,0,0,0,0,0,0,0,0,0,1,3,3,5,6,7,8,18,20,30,38,48,52,64,73,90,107,112,129,134,139,149,151,156,165,184,194,201,206,218,235,254,298,307,342,360,373,384,385,393,408,413,422,426,428,433,444,445,446,447,448,448,450,450,463,465,467,467,477,480,482,484,486,489,490,496,503,503,508,522,532,546,553,558,560,584,599
Mauritania,0,0,0,0,0,0,0,0,0,0,0,0,0,0,0,0,0,0,0,0,0,0,0,0,0,0,0,0,0,0,0,0,0,0,0,0,0,0,0,0,0,0,0,0,0,0,0,0,0,0,0,0,0,0,0,0,0,0,0,0,0,0,0,0,0,0,0,0,0,0,0,0,0,0,0,1,1,1,1,1,2,2,2,2,2,2,2,3,3,5,5,5,5,5,6,6,6,6,6,6,6,7,7,7,7,7,7,7,7,7,7,7,7,7,7,7,7,7,7,7,7,7,8,8,8,8,8,8,8,8,8,8,8,8,8,9,16,29,29,62,81,81,131,173
Mauritius,0,0,0,0,0,0,0,0,0,0,0,0,0,0,0,0,0,0,0,0,0,0,0,0,0,0,0,0,0,0,0,0,0,0,0,0,0,0,0,0,0,0,0,0,0,0,0,0,0,0,0,0,0,0,0,0,0,0,0,0,0,0,0,0,0,0,0,0,0,0,0,0,0,0,0,0,0,0,0,0,3,12,14,28,36,42,48,81,94,102,110,128,143,154,169,186,196,227,244,268,273,314,318,319,324,324,324,324,324,324,325,328,328,328,329,331,331,331,332,332,332,332,332,332,332,332,332,332,332,332,332,332,332,332,332,332,332,332,332,332,332,332,332,332
Mexico,0,0,0,0,0,0,0,0,0,0,0,0,0,0,0,0,0,0,0,0,0,0,0,0,0,0,0,0,0,0,0,0,0,0,0,0,0,0,0,0,0,0,0,0,0,0,0,0,0,0,0,0,0,0,0,0,0,0,0,0,2,4,5,0,0,0,0,0,0,7,0,0,11,16,26,41,53,82,93,118,164,203,251,316,367,405,475,585,717,848,993,1094,1215,1378,1510,1688,1890,2143,2439,2785,3181,3441,3844,4219,4661,5014,5399,5847,6297,6875,7497,8261,8772,9501,10544,11633,12872,13842,14677,15529,16752,17799,19224,20739,22088,23471,24905,26025,27634,29616,31522,33460,35022,36327,38324,40186,42595,45032,47144,49219,51633,54346,56594,59567
Moldova,0,0,0,0,0,0,0,0,0,0,0,0,0,0,0,0,0,0,0,0,0,0,0,0,0,0,0,0,0,0,0,0,0,0,0,0,0,0,0,0,0,0,0,0,0,0,0,0,0,0,0,0,0,0,0,0,0,0,0,0,0,0,0,0,0,0,0,0,1,0,0,3,4,6,8,20,23,29,30,36,49,66,80,94,109,125,149,177,199,231,263,298,353,423,505,591,752,864,965,1056,1174,1289,1438,1560,1662,1712,1934,2049,2154,2264,2351,2472,2548,2614,2778,2926,3110,3304,3408,3481,3638,3771,3897,3980,4052,4121,4248,4363,4476,4605,4728,4867,4927,4995,5154,5406,5553,5745,5934,6060,6138,6340,6553,6704
Monaco,0,0,0,0,0,0,0,0,0,0,0,0,0,0,0,0,0,0,0,0,0,0,0,0,0,0,0,0,0,0,0,0,0,0,0,0,0,0,0,0,0,0,0,0,0,0,0,0,0,0,0,0,0,0,0,0,0,0,0,0,1,1,1,0,0,0,0,0,0,0,0,0,0,0,0,3,7,9,9,9,11,12,18,23,23,27,31,33,42,43,46,49,52,55,60,64,66,73,77,79,81,84,90,92,93,93,93,93,93,94,94,94,94,94,94,94,94,94,94,95,95,95,95,95,95,95,95,95,95,95,95,96,96,96,96,96,96,96,96,96,97,97,97,97
Mongolia,0,0,0,0,0,0,0,0,0,0,0,0,0,0,0,0,0,0,0,0,0,0,0,0,0,0,0,0,0,0,0,0,0,0,0,0,0,0,0,0,0,0,0,0,0,0,0,0,0,0,0,0,0,0,0,0,0,0,0,0,0,0,0,0,0,0,0,0,0,0,1,0,0,0,0,1,0,0,4,5,5,6,10,10,10,10,10,11,11,12,12,12,12,14,14,14,14,14,15,15,16,16,16,16,16,16,30,30,31,31,31,32,34,35,35,36,36,38,38,38,38,38,38,39,39,40,41,41,41,42,42,42,42,42,42,61,61,135,136,140,140,140,140,141
Montenegro,0,0,0,0,0,0,0,0,0,0,0,0,0,0,0,0,0,0,0,0,0,0,0,0,0,0,0,0,0,0,0,0,0,0,0,0,0,0,0,0,0,0,0,0,0,0,0,0,0,0,0,0,0,0,0,0,0,0,0,0,0,0,0,0,0,0,0,0,0,0,0,0,0,0,0,0,0,0,2,8,13,14,14,21,27,47,53,67,75,84,85,91,109,123,144,174,201,214,233,241,249,252,257,263,272,274,283,288,303,303,307,308,312,313,315,319,319,320,321,321,321,322,322,322,322,322,323,324,324,324,324,324,324,324,324,324,324,324,324,324,324,324,324,324
Montserrat,0,0,0,0,0,0,0,0,0,0,0,0,0,0,0,0,0,0,0,0,0,0,0,0,0,0,0,0,0,0,0,0,0,0,0,0,0,0,0,0,0,0,0,0,0,0,0,0,0,0,0,0,0,0,0,0,0,0,0,0,0,0,0,0,0,0,0,0,0,0,0,0,0,0,0,0,0,0,0,0,0,1,1,1,1,1,1,5,5,5,5,5,0,5,5,5,6,6,6,6,9,9,9,9,11,11,11,11,11,11,11,11,11,11,11,11,11,11,11,11,11,11,11,11,11,11,11,11,11,11,11,11,11,11,11,11,11,11,11,11,11,11,11,11
Morocco,0,0,0,0,0,0,0,0,0,0,0,0,0,0,0,0,0,0,0,0,0,0,0,0,0,0,0,0,0,0,0,0,0,0,0,0,0,0,0,0,0,0,0,0,0,0,0,0,0,0,0,0,0,0,0,0,0,0,0,0,0,0,0,1,0,0,2,0,0,0,0,0,5,6,7,18,28,37,44,54,63,86,96,115,134,170,225,275,345,358,479,556,617,654,708,708,919,1021,1120,1184,1275,1374,1448,1545,1661,1763,1888,2024,2283,2564,2685,2855,3046,3209,3377,3568,3758,3897,4065,4120,4252,4321,4423,4569,4729,4903,5043,5219,5408,5548,5711,5910,6063,6281,6418,6512,6607,6652,6741,6870,6952,7023,7133,7211
Mozambique,0,0,0,0,0,0,0,0,0,0,0,0,0,0,0,0,0,0,0,0,0,0,0,0,0,0,0,0,0,0,0,0,0,0,0,0,0,0,0,0,0,0,0,0,0,0,0,0,0,0,0,0,0,0,0,0,0,0,0,0,0,0,0,0,0,0,0,0,0,0,0,0,0,0,0,0,0,0,0,0,0,0,0,1,1,1,5,7,7,8,8,8,8,10,10,10,10,10,10,10,17,17,20,20,21,27,28,29,31,34,35,39,39,39,41,46,65,70,76,76,76,76,76,79,79,80,80,81,81,81,82,87,91,103,104,107,115,119,129,137,145,146,156,162
Myanmar,0,0,0,0,0,0,0,0,0,0,0,0,0,0,0,0,0,0,0,0,0,0,0,0,0,0,0,0,0,0,0,0,0,0,0,0,0,0,0,0,0,0,0,0,0,0,0,0,0,0,0,0,0,0,0,0,0,0,0,0,0,0,0,0,0,0,0,0,0,0,0,0,0,0,0,0,0,0,0,0,0,0,0,0,2,3,3,5,5,8,8,14,15,16,20,20,21,21,22,22,22,27,28,31,41,62,74,74,85,94,107,111,119,121,127,132,144,146,146,146,150,150,151,151,151,155,161,161,162,176,177,178,180,180,180,181,181,182,182,187,191,193,199,199
Namibia,0,0,0,0,0,0,0,0,0,0,0,0,0,0,0,0,0,0,0,0,0,0,0,0,0,0,0,0,0,0,0,0,0,0,0,0,0,0,0,0,0,0,0,0,0,0,0,0,0,0,0,0,0,0,0,0,0,0,0,0,0,0,0,0,0,0,0,0,0,0,0,0,0,0,0,2,2,2,2,2,2,3,3,3,3,3,4,8,8,8,11,11,11,13,13,14,14,16,16,16,16,16,16,16,16,16,16,16,16,16,16,16,16,16,16,16,16,16,16,16,16,16,16,16,16,16,16,16,16,16,16,16,16,16,16,16,16,16,16,16,16,16,16,18
Nepal,0,0,0,0,0,0,0,0,0,0,0,0,0,0,0,0,0,0,0,0,0,0,0,0,0,1,1,1,1,1,1,1,1,1,1,1,1,1,1,1,1,1,1,1,1,1,1,1,1,1,1,1,1,1,1,1,1,1,1,1,1,1,1,0,0,0,0,0,0,0,0,0,0,0,0,1,0,1,1,1,1,1,1,1,2,3,3,3,3,5,5,5,5,5,5,6,6,9,9,9,9,9,9,9,12,14,16,16,16,30,31,31,31,42,45,48,49,49,52,52,54,57,57,59,59,75,82,82,99,101,101,109,120,134,217,219,258,276,291,304,375,402,444,487
Netherlands,0,0,0,0,0,0,0,0,0,0,0,0,0,0,0,0,0,0,0,0,0,0,0,0,0,0,0,0,0,0,0,0,0,0,0,0,0,0,0,0,0,0,0,0,0,0,0,0,0,0,0,0,0,0,0,0,0,0,0,1,2,7,13,18,28,38,82,128,188,265,321,382,503,614,804,959,1135,1413,1705,2051,2460,2994,3631,4204,4749,5560,6412,7431,8603,9762,10866,11750,12595,13614,14697,15723,16627,17851,18803,19580,20549,21762,23097,24413,25587,26551,27419,28153,29214,30449,31589,32655,33405,34134,34842,35729,36535,37190,37845,38245,38416,38802,39316,39791,40236,40571,40770,41087,41319,41774,42093,42382,42627,42788,42984,43211,43481,43681,43870,43995,44141,44249,44447,44700
New Caledonia,0,0,0,0,0,0,0,0,0,0,0,0,0,0,0,0,0,0,0,0,0,0,0,0,0,0,0,0,0,0,0,0,0,0,0,0,0,0,0,0,0,0,0,0,0,0,0,0,0,0,0,0,0,0,0,0,0,0,0,0,0,0,0,0,0,0,0,0,0,0,0,0,0,0,0,0,0,0,0,0,0,2,4,5,7,9,14,15,15,15,15,16,16,16,16,18,18,18,18,18,18,18,18,18,18,18,18,18,18,18,18,18,18,18,18,18,18,18,18,18,18,18,18,18,18,18,18,18,18,18,18,18,18,18,18,18,18,18,18,18,18,18,18,18
New Zealand,0,0,0,0,0,0,0,0,0,0,0,0,0,0,0,0,0,0,0,0,0,0,0,0,0,0,0,0,0,0,0,0,0,0,0,0,0,0,0,0,0,0,0,0,0,0,0,0,0,0,0,0,0,0,0,0,0,0,0,1,1,1,1,0,2,3,4,5,0,0,0,0,0,0,6,8,0,0,20,28,39,53,66,102,142,189,262,338,416,476,552,647,647,723,772,824,872,911,943,969,992,1015,1035,1049,1064,1072,1078,1084,1086,1094,1098,1105,1107,1112,1112,1114,1117,1121,1122,1124,1126,1129,1132,1134,1136,1137,1137,1138,1139,1141,1142,1144,1147,1147,1147,1147,1148,1148,1149,1149,1153,1153,1153,1154
Nicaragua,0,0,0,0,0,0,0,0,0,0,0,0,0,0,0,0,0,0,0,0,0,0,0,0,0,0,0,0,0,0,0,0,0,0,0,0,0,0,0,0,0,0,0,0,0,0,0,0,0,0,0,0,0,0,0,0,0,0,0,0,0,0,0,0,0,0,0,0,0,0,0,0,0,0,0,0,0,0,0,1,1,2,2,2,2,2,2,2,2,4,4,4,4,5,5,5,5,5,6,6,6,6,7,7,9,9,9,9,9,9,9,9,9,10,10,10,11,12,13,13,13,14,14,14,14,14,15,16,16,16,16,16,16,16,25,25,25,25,25,25,25,25,25,25
Niger,0,0,0,0,0,0,0,0,0,0,0,0,0,0,0,0,0,0,0,0,0,0,0,0,0,0,0,0,0,0,0,0,0,0,0,0,0,0,0,0,0,0,0,0,0,0,0,0,0,0,0,0,0,0,0,0,0,0,0,0,0,0,0,0,0,0,0,0,0,0,0,0,0,0,0,0,0,0,0,0,0,1,1,1,2,7,7,10,10,10,10,20,20,74,74,98,120,184,253,278,342,410,438,491,529,548,570,584,609,627,639,648,655,655,662,671,681,684,696,701,709,713,719,728,736,750,755,763,770,781,795,815,821,832,854,860,876,885,889,904,909,914,920,924
Nigeria,0,0,0,0,0,0,0,0,0,0,0,0,0,0,0,0,0,0,0,0,0,0,0,0,0,0,0,0,0,0,0,0,0,0,0,0,0,0,0,0,0,0,0,0,0,0,0,0,0,0,0,0,0,0,0,0,0,0,0,1,1,1,1,0,0,0,0,0,0,0,2,0,0,0,0,2,2,2,3,8,8,12,22,30,40,44,51,65,81,97,97,131,131,151,174,190,210,232,238,254,276,288,305,318,323,343,373,407,442,493,542,627,665,782,873,981,1095,1182,1273,1337,1532,1728,1932,2170,2388,2558,2802,2950,3145,3526,3912,4151,4399,4641,4787,4971,5162,5445,5621,5959,6175,6401,6677,7016
Mariana Islands,0,0,0,0,0,0,0,0,0,0,0,0,0,0,0,0,0,0,0,0,0,0,0,0,0,0,0,0,0,0,0,0,0,0,0,0,0,0,0,0,0,0,0,0,0,0,0,0,0,0,0,0,0,0,0,0,0,0,0,0,0,0,0,0,0,0,0,0,0,0,0,0,0,0,0,0,0,0,0,0,0,0,0,0,0,0,0,0,0,0,0,2,6,6,8,8,8,8,8,8,11,11,11,11,11,11,13,13,13,14,14,14,14,14,14,14,14,14,14,14,14,14,14,14,14,14,14,14,15,15,15,16,16,19,19,19,19,19,21,21,21,21,22,22
Norway,0,0,0,0,0,0,0,0,0,0,0,0,0,0,0,0,0,0,0,0,0,0,0,0,0,0,0,0,0,0,0,0,0,0,0,0,0,0,0,0,0,0,0,0,0,0,0,0,0,0,0,0,0,0,0,0,0,0,1,4,6,15,19,25,33,56,86,113,147,169,192,277,489,621,621,907,1077,1169,1308,1423,1552,1742,1926,2132,2371,2566,2916,3156,3581,3845,4102,4226,4447,4665,4935,5208,5510,5640,5755,5863,6010,6160,6244,6320,6415,6488,6566,6677,6791,6791,6984,7068,7113,7166,7250,7345,7408,7467,7505,7533,7605,7667,7710,7759,7759,7809,7847,7903,7953,7995,8034,8069,8099,8106,8135,8158,8175,8197,8197,8197,8249,8257,8268,8268
Oceania,0,0,0,0,0,0,0,0,0,0,0,0,0,0,0,0,0,0,0,0,0,0,0,0,0,1,4,4,4,4,6,7,9,11,11,11,12,13,14,14,14,14,14,14,14,15,15,15,15,15,15,15,17,21,22,22,22,22,23,24,26,27,30,34,43,55,63,68,79,85,105,117,131,161,203,257,306,383,474,599,764,960,1203,1865,2029,2684,3143,3604,3896,4395,4757,5324,5488,5843,6147,6537,6731,6847,6981,7136,7266,7392,7501,7569,7619,7674,7733,7781,7828,7874,7931,7964,7981,8009,8018,8036,8060,8080,8092,8109,8125,8136,8156,8163,8183,8203,8227,8254,8284,8307,8326,8344,8359,8370,8386,8397,8414,8444,8464,8473,8492,8500,8523,8526
Oman,0,0,0,0,0,0,0,0,0,0,0,0,0,0,0,0,0,0,0,0,0,0,0,0,0,0,0,0,0,0,0,0,0,0,0,0,0,0,0,0,0,0,0,0,0,0,0,0,0,0,0,0,0,0,0,0,2,4,4,6,6,6,6,7,0,15,16,0,0,0,18,18,0,0,20,20,22,24,24,39,39,48,52,55,66,84,99,109,131,152,167,179,192,210,231,231,277,298,371,419,419,457,484,546,599,813,910,910,1019,1069,1180,1266,1508,1508,1614,1716,1790,1905,1998,2049,2131,2274,2348,2447,2483,2568,2637,2735,2903,2958,3112,3224,3399,3574,3721,4019,4341,4625,5029,5186,5379,5671,6043,6370
Pakistan,0,0,0,0,0,0,0,0,0,0,0,0,0,0,0,0,0,0,0,0,0,0,0,0,0,0,0,0,0,0,0,0,0,0,0,0,0,0,0,0,0,0,0,0,0,0,0,0,0,0,0,0,0,0,0,0,0,0,2,2,2,4,4,0,5,0,0,6,0,0,16,16,20,21,21,30,31,187,187,302,478,495,646,784,887,991,1057,1197,1197,1408,1526,1625,2039,2291,2291,2291,2450,3277,3864,4072,4322,4601,4788,5038,5374,5716,5988,6505,7025,7481,7993,8418,9216,9749,9749,11155,11940,12723,13328,14079,14885,15759,16817,18114,19103,20186,21501,22550,24073,25837,27474,29465,30941,32081,34336,35788,37218,38799,40151,42125,43966,45898,48091,50694
Palestine,0,0,0,0,0,0,0,0,0,0,0,0,0,0,0,0,0,0,0,0,0,0,0,0,0,0,0,0,0,0,0,0,0,0,0,0,0,0,0,0,0,0,0,0,0,0,0,0,0,0,0,0,0,0,0,0,0,0,0,0,0,0,0,0,0,0,7,16,19,0,20,29,30,0,35,38,38,39,41,44,47,48,52,59,59,60,62,84,91,97,106,115,117,134,155,155,0,217,253,260,263,263,266,268,268,268,287,291,294,307,313,322,329,329,335,336,340,342,495,495,495,507,507,517,517,522,524,538,546,547,547,547,547,547,547,548,548,554,554,560,567,570,577,602
Panama,0,0,0,0,0,0,0,0,0,0,0,0,0,0,0,0,0,0,0,0,0,0,0,0,0,0,0,0,0,0,0,0,0,0,0,0,0,0,0,0,0,0,0,0,0,0,0,0,0,0,0,0,0,0,0,0,0,0,0,0,0,0,0,0,0,0,0,0,0,0,1,7,14,27,36,43,43,69,86,109,137,200,245,313,345,443,588,674,786,901,989,1075,1181,1317,1475,1673,1801,1988,2100,2249,2528,2752,2974,3234,3400,3472,3574,3751,4016,4210,4273,4467,4658,4821,4992,5166,5338,5538,5779,6021,6200,6378,6532,6720,7090,7197,7387,7523,7731,7868,8070,8282,8448,8616,8783,8944,9118,9268,9449,9606,9726,9867,9977,10116
Papua New Guinea,0,0,0,0,0,0,0,0,0,0,0,0,0,0,0,0,0,0,0,0,0,0,0,0,0,0,0,0,0,0,0,0,0,0,0,0,0,0,0,0,0,0,0,0,0,0,0,0,0,0,0,0,0,0,0,0,0,0,0,0,0,0,0,0,0,0,0,0,0,0,0,0,0,0,0,0,0,0,0,0,0,1,1,1,1,1,1,1,1,1,1,1,1,1,1,1,1,1,1,2,2,2,2,2,2,2,2,2,7,7,7,7,7,7,8,8,8,8,8,8,8,8,8,8,8,8,8,8,8,8,8,8,8,8,8,8,8,8,8,8,8,8,8,8
Paraguay,0,0,0,0,0,0,0,0,0,0,0,0,0,0,0,0,0,0,0,0,0,0,0,0,0,0,0,0,0,0,0,0,0,0,0,0,0,0,0,0,0,0,0,0,0,0,0,0,0,0,0,0,0,0,0,0,0,0,0,0,0,0,0,0,0,0,0,0,1,0,0,5,0,6,7,0,8,9,11,11,13,18,22,22,27,37,41,52,56,59,64,65,69,69,77,96,104,113,113,115,124,129,133,134,147,159,161,174,174,202,202,206,208,213,213,220,223,228,228,230,239,249,266,333,370,396,415,431,440,462,563,689,713,724,737,740,754,759,778,786,788,829,833,836
Peru,0,0,0,0,0,0,0,0,0,0,0,0,0,0,0,0,0,0,0,0,0,0,0,0,0,0,0,0,0,0,0,0,0,0,0,0,0,0,0,0,0,0,0,0,0,0,0,0,0,0,0,0,0,0,0,0,0,0,0,0,0,0,0,0,0,0,0,1,0,7,9,11,17,22,38,43,71,86,117,145,234,263,318,363,395,416,558,580,635,671,852,950,1065,1323,1414,1595,1746,2281,2561,2954,4342,5256,5897,6848,7519,7519,10303,11475,12491,13489,14420,15628,16325,17837,19250,20914,21648,25331,27517,28699,31190,33931,36976,40459,42534,45928,47372,51189,54817,58526,61847,65015,67307,68822,72059,76306,80604,84495,88541,92273,94933,99483,104020,108769
Philippines,0,0,0,0,0,0,0,0,0,0,0,0,0,0,0,0,0,0,0,0,0,0,0,0,0,0,0,0,0,0,1,1,1,2,2,2,2,3,3,3,3,3,3,3,3,3,3,3,3,3,3,3,3,3,3,3,3,3,3,3,3,3,3,0,0,0,0,5,6,10,33,33,49,52,64,111,140,142,187,202,230,230,380,380,462,552,636,707,803,1075,1418,2084,2084,2311,2633,3018,3094,3246,3660,3764,3870,4076,4076,4428,4648,4932,5223,5453,5660,5878,6087,6259,6459,6599,6710,6981,7192,7294,7579,7777,7958,8212,8488,8772,8928,9223,9485,9684,10004,10343,10463,10610,10794,11086,11350,11618,11876,12091,12305,12513,12718,12942,13221,13434
Poland,0,0,0,0,0,0,0,0,0,0,0,0,0,0,0,0,0,0,0,0,0,0,0,0,0,0,0,0,0,0,0,0,0,0,0,0,0,0,0,0,0,0,0,0,0,0,0,0,0,0,0,0,0,0,0,0,0,0,0,0,0,0,0,0,1,0,0,5,6,11,17,22,31,49,68,104,125,177,238,287,355,425,536,634,749,901,1051,1221,1389,1638,1862,2055,2311,2554,2946,3383,3627,4102,4413,4848,5205,5575,5955,6356,6674,6934,7202,7582,7918,8379,8742,9287,9593,9856,10169,10511,10892,11273,11617,11902,12218,12640,12877,13105,13375,13693,14006,14431,14740,15047,15366,15651,15996,16326,16921,17204,17615,18016,18257,18529,18885,19268,19739,20143
Portugal,0,0,0,0,0,0,0,0,0,0,0,0,0,0,0,0,0,0,0,0,0,0,0,0,0,0,0,0,0,0,0,0,0,0,0,0,0,0,0,0,0,0,0,0,0,0,0,0,0,0,0,0,0,0,0,0,0,0,0,0,0,0,0,2,4,5,9,13,21,30,39,41,59,78,112,169,245,331,448,642,785,1020,1280,1600,2060,2362,2995,3544,4268,5170,5962,6408,7443,8251,9034,9886,10524,11278,11730,12442,13141,13956,15472,15987,16585,16934,17448,18091,18841,19022,19685,20206,20863,21379,21982,22353,23271,23683,23846,24144,24324,24692,24987,25351,25190,25524,25524,25702,26182,26715,27268,27406,27581,27679,27913,28132,28319,28583,28810,29036,29209,29432,29660,29912
Puerto Rico,0,0,0,0,0,0,0,0,0,0,0,0,0,0,0,0,0,0,0,0,0,0,0,0,0,0,0,0,0,0,0,0,0,0,0,0,0,0,0,0,0,0,0,0,0,0,0,0,0,0,0,0,0,0,0,0,0,0,0,0,0,0,0,0,0,0,0,0,0,0,0,0,0,0,0,0,0,0,0,0,0,0,0,0,0,0,0,0,64,100,127,174,239,286,316,378,452,475,513,573,620,683,725,788,897,903,923,974,1043,1068,1118,1213,1252,1252,1252,1252,1276,1307,1371,1389,1400,1433,1539,1575,1757,1808,1843,1924,1968,2031,2156,2173,2198,2256,2299,2329,2427,2542,2589,2646,2710,2805,2866,2913
Qatar,0,0,0,0,0,0,0,0,0,0,0,0,0,0,0,0,0,0,0,0,0,0,0,0,0,0,0,0,0,0,0,0,0,0,0,0,0,0,0,0,0,0,0,0,0,0,0,0,0,0,0,0,0,0,0,0,0,0,0,0,0,1,3,0,8,0,0,11,12,15,18,24,262,0,320,337,401,439,442,452,460,470,481,494,501,526,537,549,562,590,634,693,781,835,949,949,1325,1604,1832,2057,2210,2376,2512,2728,2979,3231,3428,3711,4103,4663,5008,5448,6015,6533,7141,7764,8525,9358,10287,11244,11921,12564,13409,14096,14872,15551,16191,17142,17972,18890,20201,21331,22520,23623,25149,26539,28272,29425,30972,32604,33969,35606,37097,38651
Romania,0,0,0,0,0,0,0,0,0,0,0,0,0,0,0,0,0,0,0,0,0,0,0,0,0,0,0,0,0,0,0,0,0,0,0,0,0,0,0,0,0,0,0,0,0,0,0,0,0,0,0,0,0,0,0,0,0,0,1,1,3,3,3,0,4,0,6,7,13,15,17,25,45,64,89,113,139,184,217,260,277,308,367,433,576,762,906,1029,1292,1452,1760,1952,2245,2460,2738,3183,3613,3864,4057,4417,4761,5202,5467,5990,6300,6633,6879,7216,7707,8067,8418,8746,8936,9242,9710,10096,10417,10635,11036,11339,11616,11978,12240,12567,12732,13163,13512,13837,14107,14499,14811,15131,15362,15588,15778,16002,16247,16437,16704,16871,17036,17191,17387,17585
Russia,0,0,0,0,0,0,0,0,0,0,0,0,0,0,0,0,0,0,0,0,0,0,0,0,0,0,0,0,0,0,0,0,2,2,2,2,2,2,2,2,2,2,2,2,2,2,2,2,2,2,2,2,2,2,2,2,2,2,2,2,2,2,2,3,4,4,4,10,10,10,10,10,25,30,45,59,63,93,114,147,199,253,306,438,438,495,658,840,1036,1264,1534,1836,2337,2777,3548,4149,4731,5389,6343,7497,8672,10131,11917,13584,15770,18328,21102,24490,27938,32008,36793,42853,47121,52763,57999,62773,68622,74588,80949,87147,93558,99399,106498,114431,124054,134687,145268,155370,165929,177160,187859,198676,209688,221344,232243,242271,252245,262843,272043,281752,290678,299941,308705,317554
Rwanda,0,0,0,0,0,0,0,0,0,0,0,0,0,0,0,0,0,0,0,0,0,0,0,0,0,0,0,0,0,0,0,0,0,0,0,0,0,0,0,0,0,0,0,0,0,0,0,0,0,0,0,0,0,0,0,0,0,0,0,0,0,0,0,0,0,0,0,0,0,0,0,0,0,0,0,1,5,5,7,11,11,17,17,19,36,40,41,50,54,60,70,70,75,82,82,89,102,104,105,105,110,113,118,120,126,127,134,136,138,143,144,147,147,150,153,154,176,183,191,207,212,225,243,249,255,259,261,261,268,271,273,280,284,285,286,287,287,287,289,292,297,308,314,320
Saint Kitts and Nevis,0,0,0,0,0,0,0,0,0,0,0,0,0,0,0,0,0,0,0,0,0,0,0,0,0,0,0,0,0,0,0,0,0,0,0,0,0,0,0,0,0,0,0,0,0,0,0,0,0,0,0,0,0,0,0,0,0,0,0,0,0,0,0,0,0,0,0,0,0,0,0,0,0,0,0,0,0,0,0,0,0,0,0,0,0,0,2,2,2,2,7,7,8,8,8,9,10,10,11,11,11,11,12,12,12,12,14,14,14,14,14,15,15,15,15,15,15,15,15,15,15,15,15,15,15,15,15,15,15,15,15,15,15,15,15,15,15,15,15,15,15,15,15,15
Saint Lucia,0,0,0,0,0,0,0,0,0,0,0,0,0,0,0,0,0,0,0,0,0,0,0,0,0,0,0,0,0,0,0,0,0,0,0,0,0,0,0,0,0,0,0,0,0,0,0,0,0,0,0,0,0,0,0,0,0,0,0,0,0,0,0,0,0,0,0,0,0,0,0,0,0,0,0,2,2,2,2,2,2,2,2,2,2,2,3,3,3,4,9,9,13,13,13,13,14,14,14,14,14,14,15,15,15,15,15,15,15,15,15,15,15,15,15,15,15,15,15,15,15,17,17,17,17,18,18,18,18,18,18,18,18,18,18,18,18,18,18,18,18,18,18,18
Saint Vincent and the Grenadines,0,0,0,0,0,0,0,0,0,0,0,0,0,0,0,0,0,0,0,0,0,0,0,0,0,0,0,0,0,0,0,0,0,0,0,0,0,0,0,0,0,0,0,0,0,0,0,0,0,0,0,0,0,0,0,0,0,0,0,0,0,0,0,0,0,0,0,0,0,0,0,0,0,1,0,0,0,0,0,0,0,0,0,0,0,1,1,1,1,1,1,1,1,2,2,7,7,7,7,8,8,12,12,12,12,12,12,12,12,12,12,12,12,12,13,13,14,14,14,15,16,16,16,16,16,17,17,17,17,17,17,17,17,17,17,17,17,17,17,17,17,17,18,18
San Marino,0,0,0,0,0,0,0,0,0,0,0,0,0,0,0,0,0,0,0,0,0,0,0,0,0,0,0,0,0,0,0,0,0,0,0,0,0,0,0,0,0,0,0,0,0,0,0,0,0,0,0,0,0,0,0,0,0,0,0,1,1,1,8,0,10,15,22,23,26,37,49,62,66,67,73,92,98,102,104,109,126,151,151,151,187,187,208,218,223,224,229,229,230,236,245,251,259,266,277,279,308,333,344,356,356,356,372,392,426,435,455,461,462,476,488,501,513,513,538,538,553,563,569,580,580,582,582,589,608,622,623,637,628,628,638,643,648,652,653,654,654,655,656,658
Tome and Principe,0,0,0,0,0,0,0,0,0,0,0,0,0,0,0,0,0,0,0,0,0,0,0,0,0,0,0,0,0,0,0,0,0,0,0,0,0,0,0,0,0,0,0,0,0,0,0,0,0,0,0,0,0,0,0,0,0,0,0,0,0,0,0,0,0,0,0,0,0,0,0,0,0,0,0,0,0,0,0,0,0,0,0,0,0,0,0,0,0,0,0,0,0,0,0,0,0,0,0,0,4,4,4,4,4,4,4,4,4,4,4,4,4,4,7,8,8,8,8,8,11,14,16,18,18,18,174,174,174,187,208,208,208,212,220,235,235,235,235,235,246,251,251,251
Saudi Arabia,0,0,0,0,0,0,0,0,0,0,0,0,0,0,0,0,0,0,0,0,0,0,0,0,0,0,0,0,0,0,0,0,0,0,0,0,0,0,0,0,0,0,0,0,0,0,0,0,0,0,0,0,0,0,0,0,0,0,0,0,0,0,0,1,0,0,5,0,7,11,15,20,45,62,86,86,118,133,133,171,238,274,392,511,562,767,900,1012,1104,1203,1229,1453,1563,1720,1885,1885,2179,2385,2523,2795,2932,3287,3651,4033,4462,4934,5369,5862,6380,7142,8274,9362,10484,11631,12772,13930,15102,16299,17522,18811,20077,21402,22753,24097,25459,27011,28656,30251,31938,33731,35432,37136,39048,41014,42925,44830,46869,49176,52016,54752,57345,59854,62545,65077
Senegal,0,0,0,0,0,0,0,0,0,0,0,0,0,0,0,0,0,0,0,0,0,0,0,0,0,0,0,0,0,0,0,0,0,0,0,0,0,0,0,0,0,0,0,0,0,0,0,0,0,0,0,0,0,0,0,0,0,0,0,0,0,0,0,1,0,3,4,0,0,0,0,0,0,6,19,21,26,27,31,36,36,47,56,67,79,86,99,105,119,130,142,162,175,190,195,207,219,222,226,237,244,250,265,278,280,291,299,314,335,342,350,367,377,412,442,479,545,614,671,735,823,882,933,1024,1115,1182,1271,1329,1433,1492,1551,1634,1709,1886,1995,2105,2189,2310,2429,2480,2544,2617,2714,2812
Serbia,0,0,0,0,0,0,0,0,0,0,0,0,0,0,0,0,0,0,0,0,0,0,0,0,0,0,0,0,0,0,0,0,0,0,0,0,0,0,0,0,0,0,0,0,0,0,0,0,0,0,0,0,0,0,0,0,0,0,0,0,0,0,0,0,0,0,0,1,0,0,0,5,18,24,41,46,55,57,72,94,126,135,149,188,222,249,303,384,457,659,741,741,900,1060,1171,1476,1624,1908,2200,2447,2666,2867,3105,3380,3630,4054,4465,4873,5318,5690,5994,6318,6630,6890,7114,7276,7483,7779,8042,8275,8497,8724,9009,9205,9362,9464,9557,9677,9791,9848,9943,10032,10114,10176,10243,10295,10374,10438,10496,10610,10699,10733,10833,10919
Seychelles,0,0,0,0,0,0,0,0,0,0,0,0,0,0,0,0,0,0,0,0,0,0,0,0,0,0,0,0,0,0,0,0,0,0,0,0,0,0,0,0,0,0,0,0,0,0,0,0,0,0,0,0,0,0,0,0,0,0,0,0,0,0,0,0,0,0,0,0,0,0,0,0,0,0,0,2,3,4,4,6,6,7,7,7,7,7,7,7,7,7,8,10,10,10,10,10,10,10,10,10,10,10,10,10,10,10,11,11,11,11,11,11,11,11,11,11,11,11,11,11,11,11,11,11,11,11,11,11,11,11,11,11,11,11,11,11,11,11,11,11,11,11,11,11
Sierra Leone,0,0,0,0,0,0,0,0,0,0,0,0,0,0,0,0,0,0,0,0,0,0,0,0,0,0,0,0,0,0,0,0,0,0,0,0,0,0,0,0,0,0,0,0,0,0,0,0,0,0,0,0,0,0,0,0,0,0,0,0,0,0,0,0,0,0,0,0,0,0,0,0,0,0,0,0,0,0,0,0,0,0,0,0,0,0,0,0,0,0,0,0,1,1,2,2,4,6,6,6,7,7,8,10,10,11,11,13,15,26,30,35,43,50,61,64,82,82,93,99,104,116,124,136,155,157,178,199,225,231,257,291,307,338,338,387,408,447,462,505,519,534,570,585
Singapore,0,0,0,0,0,0,0,0,0,0,0,0,0,0,0,0,0,0,0,0,0,0,0,0,3,3,4,4,5,7,10,13,16,18,18,18,24,28,30,33,40,43,45,47,50,58,67,72,75,77,81,84,85,86,89,89,90,91,93,96,98,102,106,108,110,112,117,130,138,150,160,166,178,187,200,214,226,243,266,313,345,385,432,455,509,558,568,594,732,803,844,844,879,1000,1049,1114,1189,1309,1375,1481,1623,1909,1909,2299,2532,2918,3252,3699,4427,5050,5992,6588,8014,9125,10141,11178,12075,12693,13624,14423,14951,15641,16169,17101,17548,18205,18778,19410,20198,20939,21707,22460,23336,23787,24671,25346,26098,26891,27356,28038,28343,28794,29364,29812
Sint Maarten (Dutch part),0,0,0,0,0,0,0,0,0,0,0,0,0,0,0,0,0,0,0,0,0,0,0,0,0,0,0,0,0,0,0,0,0,0,0,0,0,0,0,0,0,0,0,0,0,0,0,0,0,0,0,0,0,0,0,0,0,0,0,0,0,0,0,1,0,0,0,0,0,0,0,0,0,0,0,0,0,0,0,0,0,0,0,0,0,0,2,2,3,3,3,0,6,16,23,23,23,25,25,40,40,50,50,50,50,52,52,57,57,57,64,67,68,68,73,73,73,73,74,75,75,76,76,76,76,76,76,76,76,76,76,76,76,76,77,77,77,77,77,77,77,77,77,77
Slovakia,0,0,0,0,0,0,0,0,0,0,0,0,0,0,0,0,0,0,0,0,0,0,0,0,0,0,0,0,0,0,0,0,0,0,0,0,0,0,0,0,0,0,0,0,0,0,0,0,0,0,0,0,0,0,0,0,0,0,0,0,0,0,0,0,0,0,0,1,3,5,0,7,10,21,30,44,61,84,97,107,123,137,178,185,191,204,216,226,295,295,336,336,363,400,426,450,471,485,534,581,682,701,715,728,742,769,835,863,977,1049,1089,1161,1173,1199,1244,1325,1360,1373,1379,1381,1384,1391,1396,1403,1407,1408,1413,1421,1429,1445,1455,1455,1457,1457,1465,1469,1477,1480,1493,1494,1495,1495,1496,1502
Slovenia,0,0,0,0,0,0,0,0,0,0,0,0,0,0,0,0,0,0,0,0,0,0,0,0,0,0,0,0,0,0,0,0,0,0,0,0,0,0,0,0,0,0,0,0,0,0,0,0,0,0,0,0,0,0,0,0,0,0,0,0,0,0,0,0,0,1,6,9,12,16,0,31,57,96,141,181,219,253,275,286,319,341,383,414,442,480,528,577,632,691,730,763,814,841,897,934,977,997,1021,1055,1091,1124,1160,1188,1205,1212,1220,1248,1268,1304,1317,1330,1335,1340,1353,1366,1373,1388,1407,1407,1408,1418,1429,1434,1439,1439,1439,1445,1448,1449,1450,1454,1457,1460,1461,1463,1464,1465,1465,1466,1466,1467,1468,1468
Somalia,0,0,0,0,0,0,0,0,0,0,0,0,0,0,0,0,0,0,0,0,0,0,0,0,0,0,0,0,0,0,0,0,0,0,0,0,0,0,0,0,0,0,0,0,0,0,0,0,0,0,0,0,0,0,0,0,0,0,0,0,0,0,0,0,0,0,0,0,0,0,0,0,0,0,0,0,0,1,1,1,1,1,1,1,1,1,1,2,3,3,3,3,3,5,5,5,7,7,7,8,8,12,21,21,25,25,60,80,80,116,135,164,237,286,286,328,328,390,436,480,528,582,601,601,671,722,756,835,873,928,928,997,1054,1089,1170,1219,1284,1284,1357,1421,1455,1502,1573,1594
South Africa,0,0,0,0,0,0,0,0,0,0,0,0,0,0,0,0,0,0,0,0,0,0,0,0,0,0,0,0,0,0,0,0,0,0,0,0,0,0,0,0,0,0,0,0,0,0,0,0,0,0,0,0,0,0,0,0,0,0,0,0,0,0,0,0,0,0,1,0,2,3,7,0,13,17,24,24,51,62,85,116,150,205,240,274,402,557,709,927,1170,1187,1280,1326,1353,1380,1462,1505,1585,1655,1686,1749,1845,1934,2003,2028,2173,2272,2415,2506,2605,2783,3034,3158,3300,3465,3635,3953,4220,4361,4546,4793,4996,5350,5647,5951,6336,6783,7220,7572,7808,8232,8895,9420,10015,10652,11350,12074,12739,13524,14355,15515,16433,17200,18003,19137
South Korea,0,0,0,0,0,0,0,0,0,0,0,0,0,0,0,0,0,0,0,0,1,1,1,1,2,2,3,4,4,4,4,7,12,15,15,16,18,23,24,24,25,27,28,28,28,28,28,29,30,31,46,80,155,345,601,762,892,1146,1595,2022,2931,3526,4212,4812,5328,5766,6284,6767,7134,7382,7513,7755,7869,7979,8086,8162,8236,8320,8413,8565,8652,8799,8897,8961,9037,9137,9241,9332,9478,9583,9661,9786,9786,9976,10062,10156,10237,10284,10331,10384,10423,10450,10450,10512,10537,10564,10591,10613,10635,10653,10661,10674,10683,10694,10702,10708,10718,10728,10738,10752,10761,10765,10774,10780,10793,10801,10804,10806,10810,10822,10840,10874,10909,10936,10962,10991,11018,11037,11050,11065,11078,11110,11122,11142
South Sudan,0,0,0,0,0,0,0,0,0,0,0,0,0,0,0,0,0,0,0,0,0,0,0,0,0,0,0,0,0,0,0,0,0,0,0,0,0,0,0,0,0,0,0,0,0,0,0,0,0,0,0,0,0,0,0,0,0,0,0,0,0,0,0,0,0,0,0,0,0,0,0,0,0,0,0,0,0,0,0,0,0,0,0,0,0,0,0,0,0,0,0,0,0,0,0,0,0,1,1,1,2,2,3,4,4,4,4,4,4,4,4,4,4,4,4,4,5,5,6,6,34,34,35,45,45,46,46,52,74,90,120,143,156,156,194,203,231,236,236,282,282,285,285,339
Spain,0,0,0,0,0,0,0,0,0,0,0,0,0,0,0,0,0,0,0,0,0,0,0,0,0,0,0,0,0,0,0,0,1,1,1,1,1,1,1,1,1,2,2,2,2,2,2,2,2,2,2,2,2,2,2,2,3,9,17,35,54,82,136,192,267,348,531,764,1094,1527,2299,3274,4427,5958,7641,9785,11491,13994,17688,21735,26304,31750,36616,41262,48953,57506,66460,75641,83885,90309,96122,104267,111680,119263,126535,133198,138731,142398,147607,153190,158935,163472,168022,171921,174951,178067,182491,186311,190129,193965,193252,195470,198421,200733,203649,205763,208269,209910,211570,213095,213942,215183,216570,217804,218739,219205,220244,221124,222045,223218,223961,227377,227770,228252,228691,229540,230183,230698,231350,231606,232037,232555,233037,0
Sri Lanka,0,0,0,0,0,0,0,0,0,0,0,0,0,0,0,0,0,0,0,0,0,0,0,0,0,0,0,0,1,1,1,1,1,1,1,1,1,1,1,1,1,1,1,1,1,1,1,1,1,1,1,1,1,1,1,1,1,1,1,1,1,1,1,0,0,0,0,0,0,0,0,0,2,3,6,11,19,29,42,42,53,66,78,87,97,102,102,106,106,115,120,120,122,143,148,151,159,166,178,185,189,190,197,199,210,218,233,237,238,244,254,295,304,310,330,368,420,462,523,588,619,649,665,690,705,718,755,771,797,824,835,847,863,869,889,915,925,935,960,981,992,1027,1028,1055
Sudan,0,0,0,0,0,0,0,0,0,0,0,0,0,0,0,0,0,0,0,0,0,0,0,0,0,0,0,0,0,0,0,0,0,0,0,0,0,0,0,0,0,0,0,0,0,0,0,0,0,0,0,0,0,0,0,0,0,0,0,0,0,0,0,0,0,0,0,0,0,0,0,0,0,0,1,1,1,1,1,2,2,2,2,2,2,3,3,3,3,5,5,6,7,7,7,7,10,12,12,14,14,14,15,19,19,29,32,32,32,32,66,66,92,107,140,162,174,213,237,275,318,375,442,442,592,678,678,778,852,930,1111,1164,1363,1526,1661,1818,1964,1964,1964,2289,2591,2591,2728,3138
Suriname,0,0,0,0,0,0,0,0,0,0,0,0,0,0,0,0,0,0,0,0,0,0,0,0,0,0,0,0,0,0,0,0,0,0,0,0,0,0,0,0,0,0,0,0,0,0,0,0,0,0,0,0,0,0,0,0,0,0,0,0,0,0,0,0,0,0,0,0,0,0,0,0,0,0,0,1,0,0,0,0,0,1,5,5,6,8,8,8,8,8,8,8,10,10,10,10,10,10,10,10,10,10,10,10,10,10,10,10,10,10,10,10,10,10,10,10,10,10,10,10,10,10,10,10,10,10,10,10,10,10,10,10,10,10,10,10,10,10,10,10,11,11,11,11
Swaziland,0,0,0,0,0,0,0,0,0,0,0,0,0,0,0,0,0,0,0,0,0,0,0,0,0,0,0,0,0,0,0,0,0,0,0,0,0,0,0,0,0,0,0,0,0,0,0,0,0,0,0,0,0,0,0,0,0,0,0,0,0,0,0,0,0,0,0,0,0,0,0,0,0,0,0,1,1,1,1,1,1,1,1,4,4,4,4,6,9,9,9,9,9,9,9,9,9,9,10,10,12,12,12,14,14,15,15,16,16,19,19,22,24,24,31,32,40,40,59,65,71,91,100,106,108,112,116,116,123,153,159,163,172,175,184,187,187,190,202,203,203,208,217,220
Sweden,0,0,0,0,0,0,0,0,0,0,0,0,0,0,0,0,0,0,0,0,0,0,0,0,0,0,0,0,0,0,0,0,1,1,1,1,1,1,1,1,1,1,1,1,1,1,1,1,1,1,1,1,1,1,1,1,1,1,2,7,12,13,14,15,24,35,61,137,161,203,248,326,462,620,775,924,1032,1121,1167,1301,1423,1623,1746,1906,2016,2272,2510,2806,3046,3447,3700,4028,4435,4947,5466,6078,6443,6830,7206,7693,8419,9141,9685,10151,10483,10948,11445,11927,12540,13216,13822,14385,14777,15322,16004,16755,17567,18177,18640,18926,19621,20302,21092,21520,22082,22317,22721,23216,23918,24623,25265,25921,26322,26670,27272,27909,28582,29207,29677,30143,30377,30799,31523,32172
Switzerland,0,0,0,0,0,0,0,0,0,0,0,0,0,0,0,0,0,0,0,0,0,0,0,0,0,0,0,0,0,0,0,0,0,0,0,0,0,0,0,0,0,0,0,0,0,0,0,0,0,0,0,0,0,0,0,0,0,1,1,8,12,18,24,30,37,57,87,209,264,332,374,490,642,854,1121,1359,2200,2200,2650,3010,3888,4840,6077,6971,8015,8789,9714,10714,12104,13152,14274,15412,16108,17070,18194,19227,20201,21022,21574,22164,22710,23495,24228,24820,25220,25499,25753,26336,26651,26997,27322,27658,27826,27981,28186,28414,28595,28811,28978,29081,29181,29324,29503,29622,29734,29822,29898,29926,29977,30043,30124,30168,30222,30261,30297,30330,30380,30431,30489,30504,30514,30535,30575,30611
Syria,0,0,0,0,0,0,0,0,0,0,0,0,0,0,0,0,0,0,0,0,0,0,0,0,0,0,0,0,0,0,0,0,0,0,0,0,0,0,0,0,0,0,0,0,0,0,0,0,0,0,0,0,0,0,0,0,0,0,0,0,0,0,0,0,0,0,0,0,0,0,0,0,0,0,0,0,0,0,0,0,0,0,0,1,1,1,1,5,5,5,9,10,10,10,16,16,16,19,19,19,19,19,19,25,25,25,29,33,33,38,38,39,39,42,42,42,42,42,43,43,43,43,43,44,44,44,44,44,45,45,47,47,47,47,47,48,48,50,51,58,58,58,58,58
Taiwan,0,0,0,0,0,0,0,0,0,0,0,0,0,0,0,0,0,0,0,0,0,1,1,1,1,3,3,5,7,8,8,9,10,10,10,10,11,11,16,17,18,18,18,18,18,18,18,18,20,22,22,24,24,26,26,28,30,31,32,34,39,40,40,41,42,0,44,45,45,45,0,48,48,49,53,59,59,67,77,108,108,135,153,165,195,216,235,252,267,283,306,306,322,339,339,355,363,363,373,376,379,380,380,385,388,393,395,395,395,395,398,420,422,425,426,427,428,429,429,429,429,429,429,429,432,436,438,438,439,440,440,440,440,440,440,440,440,440,440,440,440,440,441,441
Tajikistan,0,0,0,0,0,0,0,0,0,0,0,0,0,0,0,0,0,0,0,0,0,0,0,0,0,0,0,0,0,0,0,0,0,0,0,0,0,0,0,0,0,0,0,0,0,0,0,0,0,0,0,0,0,0,0,0,0,0,0,0,0,0,0,0,0,0,0,0,0,0,0,0,0,0,0,0,0,0,0,0,0,0,0,0,0,0,0,0,0,0,0,0,0,0,0,0,0,0,0,0,0,0,0,0,0,0,0,0,0,0,0,0,0,0,0,0,0,0,0,0,0,0,15,15,32,76,230,293,379,461,522,612,612,661,729,801,907,1118,1322,1524,1729,1729,1936,2140
Tanzania,0,0,0,0,0,0,0,0,0,0,0,0,0,0,0,0,0,0,0,0,0,0,0,0,0,0,0,0,0,0,0,0,0,0,0,0,0,0,0,0,0,0,0,0,0,0,0,0,0,0,0,0,0,0,0,0,0,0,0,0,0,0,0,0,0,0,0,0,0,0,0,0,0,0,0,0,0,1,1,3,3,3,6,12,12,12,12,13,13,13,14,19,19,20,21,21,21,22,24,24,25,25,32,32,32,46,53,88,94,147,148,170,170,254,285,285,300,300,300,300,306,480,480,480,480,480,480,480,480,509,509,509,509,509,509,509,509,509,509,509,509,509,509,509
Thailand,0,0,0,0,0,0,0,0,0,0,0,0,0,1,1,1,1,2,2,2,2,2,4,4,4,5,5,8,14,14,14,14,19,19,19,19,25,25,25,32,32,32,32,33,33,33,34,34,34,35,35,35,35,35,35,35,37,40,40,40,42,42,43,0,0,47,0,50,0,0,0,59,70,0,82,82,114,177,177,177,212,366,599,721,827,934,1045,1136,1136,1245,1388,1651,1651,1771,1875,1978,2169,2220,2258,2369,2423,2473,2518,2551,2579,2613,2643,2672,2700,2700,2733,2765,2792,2811,2839,2839,2854,2922,2922,2938,2938,2954,2960,2960,2966,2969,2987,2988,2989,2992,3000,3004,3015,3015,3017,3017,3018,3025,3028,3028,3031,3034,3034,3037
Timor,0,0,0,0,0,0,0,0,0,0,0,0,0,0,0,0,0,0,0,0,0,0,0,0,0,0,0,0,0,0,0,0,0,0,0,0,0,0,0,0,0,0,0,0,0,0,0,0,0,0,0,0,0,0,0,0,0,0,0,0,0,0,0,0,0,0,0,0,0,0,0,0,0,0,0,0,0,0,0,0,0,0,1,1,1,1,1,1,1,1,1,1,1,1,1,1,1,1,1,1,1,2,2,2,2,4,6,6,18,18,18,19,22,23,23,23,24,24,24,24,24,24,24,24,24,24,24,24,24,24,24,24,24,24,24,24,24,24,24,24,24,24,24,24
Togo,0,0,0,0,0,0,0,0,0,0,0,0,0,0,0,0,0,0,0,0,0,0,0,0,0,0,0,0,0,0,0,0,0,0,0,0,0,0,0,0,0,0,0,0,0,0,0,0,0,0,0,0,0,0,0,0,0,0,0,0,0,0,0,0,0,0,0,1,0,0,0,0,0,0,0,1,1,1,1,1,1,9,15,15,18,18,23,24,25,28,30,34,34,36,39,40,41,44,58,65,70,73,76,76,76,77,77,81,81,83,84,84,84,86,88,88,90,96,98,99,99,109,116,123,123,124,126,128,128,135,145,153,174,181,199,219,238,263,298,301,330,338,340,354
Trinidad and Tobago,0,0,0,0,0,0,0,0,0,0,0,0,0,0,0,0,0,0,0,0,0,0,0,0,0,0,0,0,0,0,0,0,0,0,0,0,0,0,0,0,0,0,0,0,0,0,0,0,0,0,0,0,0,0,0,0,0,0,0,0,0,0,0,0,0,0,0,0,0,0,0,0,0,1,2,2,4,5,7,9,9,9,49,50,51,57,60,65,66,74,78,85,87,89,97,100,103,104,105,107,107,109,109,112,113,113,113,114,114,114,114,114,114,115,115,115,115,115,116,116,116,116,116,116,116,116,116,116,116,116,116,116,116,116,116,116,116,116,116,116,116,116,116,116
Tunisia,0,0,0,0,0,0,0,0,0,0,0,0,0,0,0,0,0,0,0,0,0,0,0,0,0,0,0,0,0,0,0,0,0,0,0,0,0,0,0,0,0,0,0,0,0,0,0,0,0,0,0,0,0,0,0,0,0,0,0,0,0,0,0,1,0,0,0,0,0,0,2,5,7,13,16,16,18,20,24,29,39,54,60,75,89,114,173,173,227,227,278,312,362,394,455,455,495,553,574,596,623,643,671,685,707,726,747,780,822,864,866,879,884,901,901,918,922,939,949,967,975,980,994,998,1009,1013,1018,1022,1025,1026,1030,1032,1032,1032,1032,1032,1032,1035,1035,1037,1043,1044,1045,1046
Turkey,0,0,0,0,0,0,0,0,0,0,0,0,0,0,0,0,0,0,0,0,0,0,0,0,0,0,0,0,0,0,0,0,0,0,0,0,0,0,0,0,0,0,0,0,0,0,0,0,0,0,0,0,0,0,0,0,0,0,0,0,0,0,0,0,0,0,0,0,0,0,0,0,1,2,0,0,18,47,98,191,359,670,947,1236,1529,1872,2433,3629,5698,7402,9217,10827,13531,15679,18135,20921,23934,27069,30217,34109,38226,42282,47029,52167,56956,61049,65111,69392,74193,78546,82329,86306,90980,95591,98674,101790,104912,107773,110130,112261,114653,117589,120204,122392,124375,126045,127659,129491,131744,133721,135569,137115,138657,139771,141475,143114,144749,146457,148067,149435,150593,151615,152587,153548
Turks and Caicos,0,0,0,0,0,0,0,0,0,0,0,0,0,0,0,0,0,0,0,0,0,0,0,0,0,0,0,0,0,0,0,0,0,0,0,0,0,0,0,0,0,0,0,0,0,0,0,0,0,0,0,0,0,0,0,0,0,0,0,0,0,0,0,0,0,0,0,0,0,0,0,0,0,0,0,0,0,0,0,0,0,0,0,0,0,1,1,2,2,5,5,5,5,5,5,5,5,5,8,8,8,8,9,9,9,10,10,11,11,11,11,11,11,11,11,11,11,11,11,12,12,12,12,12,12,12,12,12,12,12,12,12,12,12,12,12,12,12,12,12,12,12,12,12
Uganda,0,0,0,0,0,0,0,0,0,0,0,0,0,0,0,0,0,0,0,0,0,0,0,0,0,0,0,0,0,0,0,0,0,0,0,0,0,0,0,0,0,0,0,0,0,0,0,0,0,0,0,0,0,0,0,0,0,0,0,0,0,0,0,0,0,0,0,0,0,0,0,0,0,0,0,0,0,0,0,0,0,0,1,1,9,9,14,14,14,30,33,33,44,44,45,48,48,52,52,52,53,53,53,53,54,54,55,55,55,55,55,55,56,58,61,74,75,75,79,79,79,81,83,85,88,89,97,98,98,101,101,116,121,122,126,139,160,203,227,227,260,260,264,264
Ukraine,0,0,0,0,0,0,0,0,0,0,0,0,0,0,0,0,0,0,0,0,0,0,0,0,0,0,0,0,0,0,0,0,0,0,0,0,0,0,0,0,0,0,0,0,0,0,0,0,0,0,0,0,0,0,0,0,0,0,0,0,0,0,0,0,1,0,0,0,0,0,0,0,0,3,0,0,3,5,14,19,26,26,41,47,73,84,113,156,218,311,418,480,549,794,804,987,1096,1251,1319,1462,1668,1892,2203,2511,2777,3102,3372,4161,4462,5106,5449,5710,6125,6592,7170,7647,8125,8617,9009,9009,9410,9866,10406,10861,11411,11913,12331,12697,13184,13691,14195,14710,15232,15648,16023,16425,16847,17330,17858,18291,18616,18876,19230,19706
UAE,0,0,0,0,0,0,0,0,0,0,0,0,0,0,0,0,0,0,0,0,0,0,0,0,0,0,0,1,1,1,4,4,4,5,5,5,5,5,5,7,7,7,8,8,8,8,8,8,9,9,9,9,9,11,13,13,13,13,13,19,19,21,21,0,27,0,29,0,45,0,59,74,0,85,0,85,86,98,113,113,140,140,153,153,198,248,333,333,405,468,468,611,664,664,1024,1024,1505,1799,2076,2359,2659,2990,3360,3736,4123,4521,4933,5365,5825,5825,6302,6781,7265,7755,8238,8756,9281,9813,10349,10839,11380,11929,12481,13038,13599,14163,14730,15192,15738,16240,16793,17417,18198,18878,19661,20386,21084,21831,22627,23358,24190,25063,26004,26898
United Kingdom,0,0,0,0,0,0,0,0,0,0,0,0,0,0,0,0,0,0,0,0,0,0,0,0,0,0,0,0,0,0,0,2,2,2,2,2,2,2,3,3,4,4,8,8,9,9,9,9,9,9,9,9,9,9,9,13,13,13,13,16,18,23,36,40,51,85,115,163,206,273,321,373,456,590,707,1140,1391,1543,1950,2630,3277,3983,5018,5683,6650,8077,9529,11658,14543,17089,19522,22141,25150,29474,33718,38168,41903,47806,51608,55242,60733,65077,70272,78991,84279,88621,93873,98476,103093,108692,114217,120067,124743,129044,133495,138078,143464,148377,152840,157149,161145,165221,171253,177454,182260,186599,190584,194990,201201,206715,211364,215260,219183,223060,226463,229705,233151,236711,240161,243695,246406,248818,248293,250908
United States,0,0,0,0,0,0,0,0,0,0,0,0,0,0,0,0,0,0,0,0,0,1,1,1,1,2,2,5,5,5,5,6,7,8,11,11,11,12,12,12,12,12,13,13,14,15,15,15,15,15,15,15,16,35,35,35,53,53,59,60,66,69,89,103,125,159,233,338,433,554,754,1025,1312,1663,2174,2951,3774,4661,6427,9415,14250,19624,26747,35206,46442,55231,69194,85991,104686,124665,143025,164620,189618,216721,245540,277965,312237,337635,368196,398809,432132,466033,501560,529951,557571,582594,609516,639664,671331,702164,735086,759687,787752,825041,842629,869172,890524,939053,965910,988451,1012583,1039909,1069826,1103781,1133069,1158041,1180634,1204475,1228603,1256972,1283929,1309541,1329799,1347916,1369964,1390746,1417889,1443397,1467884,1486757,1508598,1528568,1551853,1577287
United States Virgin Islands,0,0,0,0,0,0,0,0,0,0,0,0,0,0,0,0,0,0,0,0,0,0,0,0,0,0,0,0,0,0,0,0,0,0,0,0,0,0,0,0,0,0,0,0,0,0,0,0,0,0,0,0,0,0,0,0,0,0,0,0,0,0,0,0,0,0,0,0,0,0,0,0,0,0,0,0,0,0,0,0,0,0,0,0,17,17,17,17,19,22,30,0,30,30,33,40,40,42,42,45,45,50,50,51,51,51,51,51,51,51,53,53,54,54,54,54,54,55,55,59,59,66,66,66,66,66,66,66,66,66,68,69,69,69,69,69,69,69,69,69,69,69,69,69
Uruguay,0,0,0,0,0,0,0,0,0,0,0,0,0,0,0,0,0,0,0,0,0,0,0,0,0,0,0,0,0,0,0,0,0,0,0,0,0,0,0,0,0,0,0,0,0,0,0,0,0,0,0,0,0,0,0,0,0,0,0,0,0,0,0,0,0,0,0,0,0,0,0,0,0,0,0,6,8,29,50,79,94,110,135,158,162,189,217,238,238,259,295,324,330,341,359,371,390,407,411,417,426,433,446,453,465,472,483,493,502,508,517,528,535,543,549,557,563,596,606,620,625,630,643,648,652,655,657,670,673,684,694,702,707,711,717,719,724,732,733,734,737,738,746,749
Uzbekistan,0,0,0,0,0,0,0,0,0,0,0,0,0,0,0,0,0,0,0,0,0,0,0,0,0,0,0,0,0,0,0,0,0,0,0,0,0,0,0,0,0,0,0,0,0,0,0,0,0,0,0,0,0,0,0,0,0,0,0,0,0,0,0,0,0,0,0,0,0,0,0,0,0,0,0,0,6,8,16,23,23,33,33,46,49,55,65,83,104,133,145,149,173,187,190,227,266,342,397,504,555,582,624,796,865,998,1165,1302,1380,1450,1495,1565,1657,1692,1716,1778,1836,1865,1887,1904,1939,2002,2046,2094,2127,2149,2189,2207,2233,2298,2336,2387,2418,2509,2547,2612,2645,2691,2741,2753,2802,2880,2950,3006
Vatican,0,0,0,0,0,0,0,0,0,0,0,0,0,0,0,0,0,0,0,0,0,0,0,0,0,0,0,0,0,0,0,0,0,0,0,0,0,0,0,0,0,0,0,0,0,0,0,0,0,0,0,0,0,0,0,0,0,0,0,0,0,0,0,0,0,0,0,1,0,0,0,0,0,0,0,0,1,1,1,1,1,1,1,1,1,1,1,5,5,6,6,6,6,6,6,7,7,7,7,7,8,8,8,8,8,8,8,8,8,8,8,8,9,9,9,9,9,9,9,9,9,10,11,11,11,11,11,11,12,12,12,12,12,12,12,12,12,12,12,12,12,12,12,12
Venezuela,0,0,0,0,0,0,0,0,0,0,0,0,0,0,0,0,0,0,0,0,0,0,0,0,0,0,0,0,0,0,0,0,0,0,0,0,0,0,0,0,0,0,0,0,0,0,0,0,0,0,0,0,0,0,0,0,0,0,0,0,0,0,0,0,0,0,0,0,0,0,0,0,0,0,0,10,15,33,33,33,33,36,36,36,84,91,106,107,119,119,119,135,135,143,144,144,144,148,159,166,167,171,175,175,181,189,193,197,204,227,227,256,256,285,288,298,318,323,325,329,329,331,333,335,345,357,361,367,379,381,388,402,414,422,423,440,455,459,504,541,618,749,824,882
Vietnam,0,0,0,0,0,0,0,0,0,0,0,0,0,0,0,0,0,0,0,0,0,0,0,0,2,2,2,2,2,2,2,5,5,7,8,9,10,10,12,13,14,14,15,15,16,16,16,16,16,16,16,16,16,16,16,16,16,16,16,16,16,16,16,0,0,0,0,17,21,30,34,38,39,44,53,53,57,61,68,76,87,88,95,121,132,137,153,163,171,188,203,206,212,233,236,240,241,245,251,251,255,257,258,262,264,267,268,268,268,268,268,268,268,268,268,270,270,270,270,270,270,270,270,270,270,271,271,271,271,288,288,288,288,288,288,288,312,313,318,320,324,324,324,324
Western Sahara,0,0,0,0,0,0,0,0,0,0,0,0,0,0,0,0,0,0,0,0,0,0,0,0,0,0,0,0,0,0,0,0,0,0,0,0,0,0,0,0,0,0,0,0,0,0,0,0,0,0,0,0,0,0,0,0,0,0,0,0,0,0,0,0,0,0,0,0,0,0,0,0,0,0,0,0,0,0,0,0,0,0,0,0,0,0,0,0,0,0,0,0,0,0,0,0,0,0,0,0,0,0,0,0,0,0,0,0,0,0,0,0,0,0,0,0,0,6,6,6,6,6,6,6,6,6,6,6,6,6,6,6,6,6,6,6,6,6,6,6,6,6,6,6
Yemen,0,0,0,0,0,0,0,0,0,0,0,0,0,0,0,0,0,0,0,0,0,0,0,0,0,0,0,0,0,0,0,0,0,0,0,0,0,0,0,0,0,0,0,0,0,0,0,0,0,0,0,0,0,0,0,0,0,0,0,0,0,0,0,0,0,0,0,0,0,0,0,0,0,0,0,0,0,0,0,0,0,0,0,0,0,0,0,0,0,0,0,0,0,0,0,0,0,0,0,0,0,1,1,1,1,1,1,1,1,1,1,1,1,1,1,1,1,1,1,1,1,6,6,7,10,10,12,21,25,26,34,34,51,56,67,70,87,106,124,128,130,167,180,193
Zambia,0,0,0,0,0,0,0,0,0,0,0,0,0,0,0,0,0,0,0,0,0,0,0,0,0,0,0,0,0,0,0,0,0,0,0,0,0,0,0,0,0,0,0,0,0,0,0,0,0,0,0,0,0,0,0,0,0,0,0,0,0,0,0,0,0,0,0,0,0,0,0,0,0,0,0,0,0,0,0,2,2,2,2,3,3,3,12,14,16,28,29,35,35,36,39,39,39,39,39,39,39,39,40,40,43,45,45,48,48,52,57,61,65,65,74,76,84,84,88,89,95,97,106,109,119,124,137,139,146,153,167,252,267,267,441,446,654,668,679,753,761,772,832,866
Zimbabwe,0,0,0,0,0,0,0,0,0,0,0,0,0,0,0,0,0,0,0,0,0,0,0,0,0,0,0,0,0,0,0,0,0,0,0,0,0,0,0,0,0,0,0,0,0,0,0,0,0,0,0,0,0,0,0,0,0,0,0,0,0,0,0,0,0,0,0,0,0,0,0,0,0,0,0,0,0,0,0,0,0,1,2,2,2,2,3,3,5,7,7,7,8,8,8,9,9,9,9,10,11,11,11,14,14,17,17,23,24,24,25,25,25,28,28,29,29,31,31,32,32,34,34,34,34,34,34,34,34,34,35,36,36,37,37,37,37,42,44,46,46,46,48,51
