Youtuber,2019 May,2019 Jun,2019 Jul,2019 Aug,2019 Sep,2019 Oct,2019 Nov,2019 Dec,2020 Jan,2020 Feb,2020 Mar,2020 Apr,2020 May,images
Amit Bhadana,15020744,15673167,15948274,16329067,16600000,17100000,17400000,17700000,18300000,18600000,18800000,19100000,20300000,https://yt3.ggpht.com/a/AATXAJyn_jf34G3JzTAlyzExnNVkoye22yPxh6i_GQ=s300-c-k-c0xffffffff-no-rj-mo
Ashish chanchlani vines,12444226,13060938,13514323,14068707,14300000,14800000,15000000,15500000,15800000,16100000,17200000,17600000,18500000,https://yt3.ggpht.com/a/AATXAJyiumaG2d0RZxgG21X_tPKslYAOKxdAaeTDig=s300-c-k-c0xffffffff-no-rj-mo 
BB Ki Vines,13898595,14214056,14555654,14797490,15000000,15300000,15600000,15900000,16100000,16500000,16800000,17100000,17900000,https://yt3.ggpht.com/a/AATXAJx6YUHgxnxjD0J7enQtTUBoWU23oGGWn3jInQ=s300-c-k-c0xffffffff-no-rj-mo 
CarryMinati,6948463,7143108,7539627,7872459,8140000,8440000,8870000,9230000,9530000,10000000,10400000,10800000,19800000,https://yt3.ggpht.com/a/AATXAJwUmxINdN_AOPzjpaTfR038TR29xGOgskohaA=s300-c-k-c0xffffffff-no-rj-mo 
Elvish yadav,4726395,4883134,5045433,5161586,5240000,5330000,5390000,5470000,5600000,5650000,5730000,5820000,6510000,https://yt3.ggpht.com/a/AATXAJzgrBDu3OGZhoObqCDAjEUzpT7rY95FnqwlLA=s300-c-k-c0xffffffff-no-rj-mo 
FactTechz,9445665,9747663,10203567,10598347,11000000,11400000,11800000,12200000,12400000,12600000,12900000,13200000,13500000,https://yt3.ggpht.com/a/AATXAJwgIHMqnKwXDhjrrodhI83IB3d8jOrWHiLKhA=s300-c-k-c0xffffffff-no-rj-mo 
Harsh Beniwal,6115722,6221864,6391443,6554529,6710000,6830000,6930000,7130000,7290000,7370000,7740000,7960000,9020000,https://yt3.ggpht.com/a/AATXAJzj-H7W-PJop_RiMR5ge_tmSEkZFHtuszuVWw=s300-c-k-c0xffffffff-no-rj-mo
MostlySane,3881221,3992969,4123681,4214766,4290000,4360000,4400000,4430000,4650000,4970000,5080000,5170000,5310000,https://yt3.ggpht.com/a/AATXAJwxGH6y3OEDBRdncxsTszJtvdNCDQsGS-DM9A=s300-c-k-c0xffffffff-no-rj-mo 
Round2hell,7210794,8072097,8465090,9060657,9690000,10400000,10900000,11300000,11800000,12100000,12700000,13100000,13600000,https://yt3.ggpht.com/a/AATXAJx3ncyCOoPK3ARx_ZvLQxtXQDqIOPH4Uii4Nw=s300-c-k-c0xffffffff-no-rj-mo
Sandeep Maheshwari,10614447,11010363,11406453,11804293,12200000,12500000,12900000,13200000,13500000,13900000,14200000,14500000,14900000,https://yt3.ggpht.com/a/AATXAJxeLTARkSB5LGetdua2eDdpWJsCZFA_Almoag=s300-c-k-c0xffffffff-no-rj-mo 
Technical Guruji,12915071,13145543,13450102,13778128,14100000,14500000,14700000,14900000,15100000,15400000,15600000,16000000,17000000,https://yt3.ggpht.com/a/AATXAJxfYEhoaq9tHS9x-A9JL2kgvDseucydYu-w-A=s300-c-k-c0xffffffff-no-rj-mo 
The Lallantop,7561908,8002963,8482041,8812559,9330000,9800000,10200000,10900000,11400000,11800000,12500000,13200000,13700000,https://yt3.ggpht.com/a/AATXAJzFUiZoTdwceV1mIqtOgKVhurlCTIkTNwmgKQ=s300-c-k-c0xffffffff-no-rj-mo
